Media,Created_at,Source,Text,Compound,Positive,Negative,Neutral
@BBC,Sun Jan 07 03:07:31 +0000 2018,pc,RT @Anirudh_Astro: Another right prediction on cyclone. @TIME @cnn @FoxNews @timesofindia @BBC #BOMBCYLONE https://t.co/nAIoKbAx0p,0.0,0.0,0.0,1.0
@BBC,Sun Jan 07 03:07:26 +0000 2018,Ron Rowden,@BBC @cnni @OANN @FoxNews @MSNBC @UN @SenateDems @SenateGOP @HouseDemocrats @HouseGOP @TomPerez @NancyPelosi Less t… https://t.co/tmYm5PQD1s,0.0,0.0,0.0,1.0
@BBC,Sun Jan 07 03:07:16 +0000 2018,Schlock Doctrine,@coinabs @james_anderssen @RozenthalMarcia @AlanZionist @cjsienna55 @ohad_shef @lori_clydesdale @lizBeth_Hineni… https://t.co/5fHYqDlbJb,0.0,0.0,0.0,1.0
@BBC,Sun Jan 07 03:06:05 +0000 2018,Dave Johnson,@BlaineCoughlan @BBC @bbcdoctorwho @DWTheFanShow @BBCOne @BBCTwo @bbcthree @BBCFOUR 1. The Aztecs 2. Enemy of the W… https://t.co/gnvN69bFfh,-0.5423,0.0,0.179,0.821
@BBC,Sun Jan 07 03:05:32 +0000 2018,Natul.B.Jain,"RT @BBC: If you've still struggling to do the downward dog, you've got your work cut out. She's 98 by the way. ? ? https://t.co/6HBcSsungS",-0.5994,0.0,0.189,0.811
@BBC,Sun Jan 07 03:05:26 +0000 2018,Irini C,RT @BBC: Farewell 2017. Thank you for giving us this. ? https://t.co/tIUAzNnIUU,0.5994,0.353,0.0,0.647
@BBC,Sun Jan 07 03:05:13 +0000 2018,von pabualan,RT @BBC: ???? @TaylorSwift13's Live Lounge cover of Riptide by @Vancejoy gives us goosebumps every ? single ? time ?. https://t.co/WtMSSS1u…,0.0,0.0,0.0,1.0
@BBC,Sun Jan 07 03:03:04 +0000 2018,Emilie Grey,RT @BBC: Farewell 2017. Thank you for giving us this. ? https://t.co/tIUAzNnIUU,0.5994,0.353,0.0,0.647
@BBC,Sun Jan 07 03:02:45 +0000 2018,Waa Doo,WTH @bbc @nbc @cbs @abc @potus @cnn @fbi @TheFed @Hannity @OANN https://t.co/NlwZuP7lhk,-0.6289,0.0,0.273,0.727
@BBC,Sun Jan 07 03:02:19 +0000 2018,CUR-I-O-US,@JimCarrey @netanyahu @RoyalFamily @realDonaldTrump @UN @WHO @katyperry @PontifexEmerita @Pontifex @AdamSandler… https://t.co/XRZiDPEosB,0.0,0.0,0.0,1.0
@BBC,Sun Jan 07 03:01:43 +0000 2018,D'un tweet l'autre ??,RT @BBC: Farewell 2017. Thank you for giving us this. ? https://t.co/tIUAzNnIUU,0.5994,0.353,0.0,0.647
@BBC,Sun Jan 07 03:01:21 +0000 2018,Farhan Hussain,RT @BBC: These women in Pakistan are learning Mixed Martial Arts to fight against sexual harassment. ? https://t.co/TOVvhUN3cv,-0.7269,0.0,0.289,0.711
@BBC,Sun Jan 07 02:59:29 +0000 2018,???????,RT @BBC: A 'Wolf supermoon' lit up the sky on New Year's Day - the largest and brightest moon of 2018. ?? https://t.co/8yK8xDHEZl https://t…,0.6124,0.16,0.0,0.84
@BBC,Sun Jan 07 02:57:56 +0000 2018,Ryan Hutchens,"RT @BBC: If you've still struggling to do the downward dog, you've got your work cut out. She's 98 by the way. ? ? https://t.co/6HBcSsungS",-0.5994,0.0,0.189,0.811
@BBC,Sun Jan 07 02:57:35 +0000 2018,Jigar Sitapara ??,"RT @BBC: If you've still struggling to do the downward dog, you've got your work cut out. She's 98 by the way. ? ? https://t.co/6HBcSsungS",-0.5994,0.0,0.189,0.811
@BBC,Sun Jan 07 02:55:27 +0000 2018,Bully Land?????????,"RT @BBC: DCI Hicks and DI Renko stumble on a lethal secret that will bind them together for life. 

#HardSun | 9.35pm | @BBCOne | https://t…",0.0,0.0,0.0,1.0
@BBC,Sun Jan 07 02:53:30 +0000 2018,Robert McKnight,Did you know you can read the scripts of many @BBC dramas including #DoctorWho #EastEnders and many more at this gr… https://t.co/ndQcu2cDtG,0.0,0.0,0.0,1.0
@BBC,Sun Jan 07 02:53:12 +0000 2018,OoohThings!,"RT @BlaineCoughlan: If the @BBC were to broadcast a ""The Thirteen Faces of Doctor Who"" repeat season leading up to Jodie Whittaker's debut,…",0.0,0.0,0.0,1.0
@BBC,Sun Jan 07 02:53:06 +0000 2018,Khurram Butt,"RT @BBC: Katie has around 16 seizures everyday. But that doesn’t stop her from doing what she loves. ?
#EverydayHeroes https://t.co/J7i1kN3…",0.3612,0.155,0.092,0.753
@BBC,Sun Jan 07 02:51:32 +0000 2018,Iffah,RT @BBC: Farewell 2017. Thank you for giving us this. ? https://t.co/tIUAzNnIUU,0.5994,0.353,0.0,0.647
@BBC,Sun Jan 07 02:50:44 +0000 2018,CUR-I-O-US,@JimCarrey @netanyahu @RoyalFamily @realDonaldTrump @UN @WHO @katyperry @PontifexEmerita @Pontifex @AdamSandler… https://t.co/p0kDFcigR6,0.0,0.0,0.0,1.0
@BBC,Sun Jan 07 02:49:45 +0000 2018,Collin Krum,RT @ReciteSocial: @collinkrum you were quoted by @BBC  https://t.co/1Oxs9QmjKA,0.0,0.0,0.0,1.0
@BBC,Sun Jan 07 02:48:54 +0000 2018,Anwar Ul Haque,Joke of the century! @realDonaldTrump practicing blatant discrimination &amp; violation of human rights against Muslims… https://t.co/NZxf0VsNIn,-0.3164,0.112,0.177,0.711
@BBC,Sun Jan 07 02:48:44 +0000 2018,Alex McRae,RT @carolinejmolloy: RT if you agree that 'think tanks' who keep their corporate funders highly secret should not be invited onto @BBC (tob…,0.3612,0.102,0.0,0.898
@BBC,Sun Jan 07 02:47:55 +0000 2018,Renee Porter,RT @BBC: ???? @TaylorSwift13's Live Lounge cover of Riptide by @Vancejoy gives us goosebumps every ? single ? time ?. https://t.co/WtMSSS1u…,0.0,0.0,0.0,1.0
@BBC,Sun Jan 07 02:42:10 +0000 2018,Hawk,"RT @BBC: 'You feel like you’re in outer space.’
How people in the Russian far east cope with living in -50 Celsius. ? https://t.co/YIgVe77Z…",0.3612,0.102,0.0,0.898
@BBC,Sun Jan 07 02:42:03 +0000 2018,Deep Burnt,@campbellclaret @BBC Andrew marr is a jug eared twonk.,0.0,0.0,0.0,1.0
@BBC,Sun Jan 07 02:41:25 +0000 2018,Anira Khokhar,RT @BBC: These women in Pakistan are learning Mixed Martial Arts to fight against sexual harassment. ? https://t.co/TOVvhUN3cv,-0.7269,0.0,0.289,0.711
@BBC,Sun Jan 07 02:40:45 +0000 2018,Francis Rexline J.,"RT @BBC: 'You feel like you’re in outer space.’
How people in the Russian far east cope with living in -50 Celsius. ? https://t.co/YIgVe77Z…",0.3612,0.102,0.0,0.898
@BBC,Sun Jan 07 02:38:57 +0000 2018,Rehan Khan,RT @BBC: Want to help the wildlife in your backyard this winter? Here are some ideas for creating a 'winter menu’. ? https://t.co/1TG8z9n1wf,0.6369,0.256,0.0,0.744
@BBC,Sun Jan 07 02:37:30 +0000 2018,claudia,@jeffrey_ventre @BBC @GOP US GOVERNMENT is  most dangerous on earth. Not just 1 party. All complicit to some pretty nasty stuff.,-0.2716,0.204,0.242,0.554
@BBC,Sun Jan 07 02:34:57 +0000 2018,CUR-I-O-US,@JimCarrey @netanyahu @RoyalFamily @realDonaldTrump @UN @WHO @katyperry @PontifexEmerita @Pontifex @AdamSandler… https://t.co/90JMqbOnvP,0.0,0.0,0.0,1.0
@BBC,Sun Jan 07 02:33:34 +0000 2018,FlókiUSA,"Have to love the British sense of humour... 
""The US president rejects a book's claims about his mental health and… https://t.co/JpdMX4awz3",0.25,0.165,0.126,0.709
@BBC,Sun Jan 07 02:32:49 +0000 2018,Jones,"RT @MoveWithDoyin: When @BBC call you a travel blogger it’s official right!? ?????

Sharing some travel gold on Rip Off Britain: Holidays.…",0.4753,0.134,0.0,0.866
@BBC,Sun Jan 07 02:31:59 +0000 2018,danielchen,@Hannah420565925 @BBC ????????BBC Radio?,0.0,0.0,0.0,1.0
@BBC,Sun Jan 07 02:29:30 +0000 2018,Alex van Terheyden,@wallaceme @TomTugendhat Because it's the @BBC,0.0,0.0,0.0,1.0
@BBC,Sun Jan 07 02:29:10 +0000 2018,Rehan Khan,RT @BBC: These women in Pakistan are learning Mixed Martial Arts to fight against sexual harassment. ? https://t.co/TOVvhUN3cv,-0.7269,0.0,0.289,0.711
@BBC,Sun Jan 07 02:29:08 +0000 2018,Oor Sylvia Taylor,RT @carolinejmolloy: RT if you agree that 'think tanks' who keep their corporate funders highly secret should not be invited onto @BBC (tob…,0.3612,0.102,0.0,0.898
@BBC,Sun Jan 07 02:28:21 +0000 2018,Mark McLean,Russian embassy hits out at BBC over 'cliched' McMafia - The Telegraph @BBC called out and not responding. Honestly… https://t.co/qBLsMfw2rQ,0.0,0.0,0.0,1.0
@BBC,Sun Jan 07 02:24:11 +0000 2018,Rehan Khan,"RT @BBC: 'You feel like you’re in outer space.’
How people in the Russian far east cope with living in -50 Celsius. ? https://t.co/YIgVe77Z…",0.3612,0.102,0.0,0.898
@BBC,Sun Jan 07 02:24:07 +0000 2018,Kaitlyn Eve Spitzer,RT @BBC: Farewell 2017. Thank you for giving us this. ? https://t.co/tIUAzNnIUU,0.5994,0.353,0.0,0.647
@BBC,Sun Jan 07 02:22:37 +0000 2018,Andrew Cassel,@TonyIng82432643 @BlaineCoughlan @BBC @bbcdoctorwho @DWTheFanShow @BBCOne @BBCTwo @bbcthree @BBCFOUR Black Orchid! That's a bold choice! ???,0.4912,0.185,0.0,0.815
@BBC,Sun Jan 07 02:22:11 +0000 2018,John Thomson #FBPE,RT @carolinejmolloy: RT if you agree that 'think tanks' who keep their corporate funders highly secret should not be invited onto @BBC (tob…,0.3612,0.102,0.0,0.898
@BBC,Sun Jan 07 02:21:48 +0000 2018,PortSide NewYork,@bklynharuspex Thx! We'll share. This is also reminder to get back to @BBC journalist who got in touch to ask for s… https://t.co/4zIuAtu1aC,0.6114,0.192,0.0,0.808
@BBC,Sun Jan 07 02:20:40 +0000 2018,Nic,"RT @MoveWithDoyin: When @BBC call you a travel blogger it’s official right!? ?????

Sharing some travel gold on Rip Off Britain: Holidays.…",0.4753,0.134,0.0,0.866
@BBC,Sun Jan 07 02:20:36 +0000 2018,??,RT @nakano_hiromi: ???????????????????????????????????????BBC?????https://t.co/fZKmrX3iwf?#metoo #??? #???,0.0,0.0,0.0,1.0
@BBC,Sun Jan 07 02:20:07 +0000 2018,FreeSpeech,"RT @BBC: The genius way Iceland is dealing with the gender pay gap problem. ?

Via BBC World Hacks https://t.co/1xLqppSriF",-0.4767,0.0,0.194,0.806
@BBC,Sun Jan 07 02:19:50 +0000 2018,Kostas Galerna,RT @TurismoGalicia1: La @BBC elige As Catedrais para su obra maestra sobre los océanos https://t.co/iSHwAByETc,0.0,0.0,0.0,1.0
@BBC,Sun Jan 07 02:17:58 +0000 2018,Andrew Cassel,"@BlaineCoughlan @BBC @bbcdoctorwho @DWTheFanShow @BBCOne @BBCTwo @bbcthree @BBCFOUR 1. The Daleks
2. The Invasion
3… https://t.co/uCcI8tbPGs",0.0,0.0,0.0,1.0
@BBC,Sun Jan 07 02:16:42 +0000 2018,Paul PJ Shanley,@dickndom @BBC @BBC_Studioworks @bbcstudios Nice,0.4215,0.412,0.0,0.588
@BBC,Sun Jan 07 02:15:26 +0000 2018,??,@Hannah420565925 @BBC ??+1 https://t.co/6c67ehPR81,0.0,0.0,0.0,1.0
@BBC,Sun Jan 07 02:14:06 +0000 2018,Nina,"RT @BBC: This #NationalBirdDay, immerse yourself in the British countryside with four minutes of uninterrupted footage from a @BBCSpringwat…",0.0,0.0,0.0,1.0
@BBC,Sun Jan 07 02:12:31 +0000 2018,Digger Gigger ??????? #FBPE,RT @carolinejmolloy: RT if you agree that 'think tanks' who keep their corporate funders highly secret should not be invited onto @BBC (tob…,0.3612,0.102,0.0,0.898
@BBC,Sun Jan 07 02:11:17 +0000 2018,TMrealityczech,@inabster @PamelaLizzie @Stredni_trida @X123Alpha @CNN @BBC You can't occupy your own land.,0.0,0.0,0.0,1.0
@BBC,Sun Jan 07 02:11:06 +0000 2018,marilyn best,RT @jeffrey_ventre: One year ago Tilikum died. I had the honor of speaking to the @BBC Regarding his life &amp; death. The Interview about Tili…,-0.6486,0.101,0.237,0.662
@BBC,Sun Jan 07 02:10:50 +0000 2018,Vakil Bharati??,"RT @BBC: If you've still struggling to do the downward dog, you've got your work cut out. She's 98 by the way. ? ? https://t.co/6HBcSsungS",-0.5994,0.0,0.189,0.811
@BBC,Sun Jan 07 02:08:11 +0000 2018,Chhogaram Suthar,"RT @viru_dass: #RanjiTrophyFinal
 #ZeeCineAwards2018 
@pmoindia 
@ZeeNews
@BBC
@BBCBreaking
@BBCBreaking
@News24
@aajtak
@SkyNews
????? ??…",0.0,0.0,0.0,1.0
@BBC,Sun Jan 07 02:08:08 +0000 2018,Jim Southcott,RT @SouthcottStrat: Which of the @BBC top 10 best films from 2018 have you seen?https://t.co/87eOY51QLT,0.7184,0.316,0.0,0.684
@BBC,Sun Jan 07 02:05:53 +0000 2018,LWC,@BBCScotland @BBC @MrQuippy Paul looks so sad!!!!! Better apologise to poor Paul,0.6261,0.373,0.161,0.466
@BBC,Sun Jan 07 02:03:42 +0000 2018,Roxann_Minerals,"In 2012, US Congress passed NDAA Legalizing Use of Propaganda on Its Own Citizens (nullifying Smith-MundtAct1948,wh… https://t.co/A2QxRsKRyf",-0.25,0.0,0.111,0.889
@BBC,Sun Jan 07 02:01:49 +0000 2018,Bethechng,"RT @hfbritton: Killing not a mgmt strategy, @SenateApprops End war on #wildhorses! @BBC @DerSPIEGEL @politico #BelovedWorldwide https://t.c…",-0.8622,0.0,0.38,0.62
@BBC,Sun Jan 07 02:00:55 +0000 2018,Derek Straub,@politstrip @ABC @CBSNews @NBCNews @MSNBC @maddow @wolfblitzer @cnnbrk @CNN @nprpolitics @BBC They are all in cahoo… https://t.co/jybRt27GUt,0.0,0.0,0.0,1.0
@BBC,Sun Jan 07 02:00:23 +0000 2018,Syed N. Hashmi,@javaidShaikh @CNN @DWNews @CBSNews @ABC @infowars @CoastToCoastam @CBC @SkyNews @CNBC @BBC @UN @Greenpeace… https://t.co/rSIbU5Xkol,0.0,0.0,0.0,1.0
@BBC,Sun Jan 07 01:59:32 +0000 2018,Carlito Sia,RT @infante: @BBC  https://t.co/I6xACeR41X,0.0,0.0,0.0,1.0
@BBC,Sun Jan 07 01:58:30 +0000 2018,Vigilante Editor #ReplaceAndRepeal,RT @jeffrey_ventre: One year ago Tilikum died. I had the honor of speaking to the @BBC Regarding his life &amp; death. The Interview about Tili…,-0.6486,0.101,0.237,0.662
@BBC,Sun Jan 07 01:58:01 +0000 2018,Catherine?,"RT @BBC: This #NationalBirdDay, immerse yourself in the British countryside with four minutes of uninterrupted footage from a @BBCSpringwat…",0.0,0.0,0.0,1.0
@BBC,Sun Jan 07 01:57:59 +0000 2018,Carlito Sia,RT @BBC: Farewell 2017. Thank you for giving us this. ? https://t.co/tIUAzNnIUU,0.5994,0.353,0.0,0.647
@BBC,Sun Jan 07 01:57:16 +0000 2018,Syed N. Hashmi,@CNN @DWNews @CBSNews @ABC @infowars @CoastToCoastam @CBC @SkyNews @CNBC @BBC @UN @Greenpeace @realDonaldTrump… https://t.co/iHF8MezleP,0.0,0.0,0.0,1.0
@BBC,Sun Jan 07 01:57:06 +0000 2018,Bhanwari Desi Sain,"RT @viru_dass: #RanjiTrophyFinal
 #ZeeCineAwards2018 
@pmoindia 
@ZeeNews
@BBC
@BBCBreaking
@BBCBreaking
@News24
@aajtak
@SkyNews
????? ??…",0.0,0.0,0.0,1.0
@BBC,Sun Jan 07 01:56:09 +0000 2018,??Alberta Mom ??,"RT @CameronJMClark: @PNN_Unleashed That should read #British ""Jimmy Savile"" Broadcasting Company.

#BBC
.@BBC

#MAGA, #Resist - #Antifa",0.0,0.0,0.0,1.0
@BBC,Sun Jan 07 01:52:59 +0000 2018,Politically Stripped ™?,"Hey #MSM ... Any new details about the #ClintonHouseFire yet?????? 
Funny, no one has said a WORD about it on @ABC… https://t.co/kji9Asoumz",0.3049,0.14,0.089,0.771
@BBC,Sun Jan 07 01:52:40 +0000 2018,Hoop,@POTUS @realDonaldTrump @gop @thehill @bbc @DonaldJTrumpJr The fact that you “just now” think people are questionin… https://t.co/9XpMEyWKE7,0.0,0.0,0.0,1.0
@BBC,Sun Jan 07 01:52:28 +0000 2018,BossyCowgurl ?,@BBC @BBCWorld @BBCNews https://t.co/EBBMAxsmRJ,0.0,0.0,0.0,1.0
@BBC,Sun Jan 07 01:51:31 +0000 2018,Fiesta Bowl Champs!,RT @BBC: Farewell 2017. Thank you for giving us this. ? https://t.co/tIUAzNnIUU,0.5994,0.353,0.0,0.647
@BBC,Sun Jan 07 01:50:39 +0000 2018,Dee #FBPE,RT @MarkyB_62: @smilinglaura @kielymc @cawsandfleur @TurnerMalcolm @TonyHallBBCDG @BBC @BBCr4today @BBCNews @Channel4News Agreed - BBC News…,0.2732,0.139,0.0,0.861
@BBC,Sun Jan 07 01:50:24 +0000 2018,Dee #FBPE,RT @smilinglaura: @kielymc @cawsandfleur @TurnerMalcolm @TonyHallBBCDG @BBC @BBCr4today I do not watch @BBCNews any more. It’s @Channel4New…,0.0,0.0,0.0,1.0
@BBC,Sun Jan 07 01:49:27 +0000 2018,Chrystaroth,"RT @BlaineCoughlan: If the @BBC were to broadcast a ""The Thirteen Faces of Doctor Who"" repeat season leading up to Jodie Whittaker's debut,…",0.0,0.0,0.0,1.0
@BBC,Sun Jan 07 01:49:08 +0000 2018,Chrystaroth,@BlaineCoughlan @BBC @bbcdoctorwho @DWTheFanShow @BBCOne @BBCTwo @bbcthree @BBCFOUR 1) An Unearthly Child 2)Invasio… https://t.co/f3wJEBcasj,0.0,0.0,0.0,1.0
@BBC,Sun Jan 07 01:49:05 +0000 2018,Bea Levine,RT @BBC: ???? @TaylorSwift13's Live Lounge cover of Riptide by @Vancejoy gives us goosebumps every ? single ? time ?. https://t.co/WtMSSS1u…,0.0,0.0,0.0,1.0
@BBC,Sun Jan 07 01:49:05 +0000 2018,Sunildas,"RT @viru_dass: #RanjiTrophyFinal
 #ZeeCineAwards2018 
@pmoindia 
@ZeeNews
@BBC
@BBCBreaking
@BBCBreaking
@News24
@aajtak
@SkyNews
????? ??…",0.0,0.0,0.0,1.0
@BBC,Sun Jan 07 01:47:32 +0000 2018,Dee #FBPE,"RT @IssyGarcia11: @TurnerMalcolm @TonyHallBBCDG @BBC Kindly stop using the derogatory term ""Remoaner"". It contravenes your own guidelines.…",0.25,0.157,0.108,0.735
@BBC,Sun Jan 07 01:47:21 +0000 2018,Scott,"@sfwa @worldcon2018 @wizards_magic @BBC the church, have all covered up these crimes for years. We have to protect… https://t.co/UTW2KjlckW",0.0,0.0,0.0,1.0
@BBC,Sun Jan 07 01:47:19 +0000 2018,Some Body,@BBC https://t.co/Jx2ET89hZw,0.0,0.0,0.0,1.0
@BBC,Sun Jan 07 01:46:42 +0000 2018,sleep deprived,RT @mikegalsworthy: Liam Fox wants no ‘obsessive’ criticism of Brexit. And @BBC obliges - producing a piece that parrot’s Fox’s opinion fre…,-0.6249,0.0,0.221,0.779
@BBC,Sun Jan 07 01:45:50 +0000 2018,Happy das,"RT @viru_dass: #RanjiTrophyFinal
 #ZeeCineAwards2018 
@pmoindia 
@ZeeNews
@BBC
@BBCBreaking
@BBCBreaking
@News24
@aajtak
@SkyNews
????? ??…",0.0,0.0,0.0,1.0
@BBC,Sun Jan 07 01:45:47 +0000 2018,Gill Price,RT @STOPAIDS: Watch this video from @BBC 'Can we beat the world’s biggest infectious killer?' https://t.co/HFKUi8a05n https://t.co/LgzhZDdw…,0.0,0.0,0.0,1.0
@BBC,Sun Jan 07 01:44:33 +0000 2018,William Davis,RT @BBC: These women in Pakistan are learning Mixed Martial Arts to fight against sexual harassment. ? https://t.co/TOVvhUN3cv,-0.7269,0.0,0.289,0.711
@BBC,Sun Jan 07 01:44:22 +0000 2018,?Camarade Saint Stéphane le Pauvre??????,Hate people like this. I'm happy they finally catching on. Gotta get everybody hip to the fire @BBC shows https://t.co/1r1kSy1S1a,0.0258,0.219,0.216,0.565
@BBC,Sun Jan 07 01:42:45 +0000 2018,SethBedeGB,"@bbctms - @BBCSnooker -..""..It's, The, ""Fall-of-Wicket"" - Graph.  In, This Innings.  That is, ""Telling"" / ""Interest… https://t.co/DtlutDkVhI",0.0,0.0,0.0,1.0
@BBC,Sun Jan 07 01:42:10 +0000 2018,Ana Elena,"RT @BBC: When Zac Efron made Michael Jackson cry. ????
#TheGNShow https://t.co/GpSaONsWMG",-0.4767,0.0,0.22,0.78
@BBC,Sun Jan 07 01:41:56 +0000 2018,bob?,"RT @BBC: Katie has around 16 seizures everyday. But that doesn’t stop her from doing what she loves. ?
#EverydayHeroes https://t.co/J7i1kN3…",0.3612,0.155,0.092,0.753
@BBC,Sun Jan 07 01:41:21 +0000 2018,Chris Cassley,@hgt0 @NatWest_Cricket @BBC @Chance2Shine @MoeenAli @haseeb @AdilRashid03 @englandcricket No - it’s just that you’re racist.,-0.7351,0.0,0.341,0.659
@BBC,Sun Jan 07 01:40:43 +0000 2018,Jason Carter,"@BlaineCoughlan @BBC @bbcdoctorwho @DWTheFanShow @BBCOne @BBCTwo @bbcthree @BBCFOUR 1. The Aztecs
2. The Mind Robbe… https://t.co/2oAfrIJOGR",0.0,0.0,0.0,1.0
@BBC,Sun Jan 07 01:40:26 +0000 2018,Katherine Ravenheart,RT @BBC: Farewell 2017. Thank you for giving us this. ? https://t.co/tIUAzNnIUU,0.5994,0.353,0.0,0.647
@BBC,Sun Jan 07 01:40:12 +0000 2018,Gareth,"@BlaineCoughlan @BBC @bbcdoctorwho @DWTheFanShow @BBCOne @BBCTwo @bbcthree @BBCFOUR 1. The Keys of Marinus
2. The M… https://t.co/rhkCdlSD82",0.0,0.0,0.0,1.0
@BBC,Sun Jan 07 01:39:44 +0000 2018,Maureen Fitzsimmons,Do an media outlets care to report this ? @BBC @SKY ~MSM ???????????????? https://t.co/QaSVMbHnRy,0.6322,0.257,0.0,0.743
@BBC,Sun Jan 07 01:38:47 +0000 2018,Maureen Fitzsimmons,@BBC ....This has to be a joke ? https://t.co/YKy3wwZege,0.296,0.268,0.0,0.732
@BBC,Sun Jan 07 01:38:37 +0000 2018,steve,@MGTOW @RalliNurse @BBC Very much so. I’m just giving the guy credit for earning the money...that he then threw away.,0.6444,0.226,0.0,0.774
@BBC,Sun Jan 07 01:38:12 +0000 2018,simon logan #FBPE,RT @campbellclaret: Surely she will also be allowed to trot out a few Brexit platitudes without much challenge? As is @bbc mode https://t.c…,0.3975,0.12,0.051,0.829
@BBC,Sun Jan 07 01:38:10 +0000 2018,Maureen Fitzsimmons,Helloooo..... @BBC @SKY @MSM ???? https://t.co/tNgNkxoFeQ,0.0,0.0,0.0,1.0
@CBS,Sun Jan 07 03:07:34 +0000 2018,Cecy Hanna,"RT @PatriotCarol45: @cbs @nbc @CNN @MSNBC @maddow @nytimes @washingtonpost 
Want you to concentrate on Bannon- Concentrate on the crumbs. B…",0.0772,0.064,0.0,0.936
@CBS,Sun Jan 07 03:06:09 +0000 2018,Nikki,@Carolyn18379690 @CBS @ABC @CNN @FoxNews @seanhannity @VitoForCongress @POTUS @realDonaldTrump @WhiteHouse @VP… https://t.co/BJUvjE8aS3,0.0,0.0,0.0,1.0
@CBS,Sun Jan 07 03:05:38 +0000 2018,Ron_n_GA,@westseattleelms @PBS @NPR @facebook @Twitter @CBS @nytimes @washingtonpost @NBCNews @ABC @Google @bing @MayorJenny… https://t.co/jUFMsgeHX8,0.0,0.0,0.0,1.0
@CBS,Sun Jan 07 03:04:35 +0000 2018,7tips,RT @Shauna33R: @SebGorka NEWS??@ABC @CBS @CNN @MSNBC @nbc @latimes @nytimes @washingtonpost @alisyn_camerota @AC360 @maggieNYT @VanJones68…,0.0,0.0,0.0,1.0
@CBS,Sun Jan 07 03:04:28 +0000 2018,#TheMediaLiez,take a good look in the mirror @CNN @msnbc @ABC @CBS @NBC https://t.co/j5jh8Diuey,0.4404,0.209,0.0,0.791
@CBS,Sun Jan 07 03:03:58 +0000 2018,Jali_Cat,"RT @PatriotCarol45: @cbs @nbc @CNN @MSNBC @maddow @nytimes @washingtonpost 
Want you to concentrate on Bannon- Concentrate on the crumbs. B…",0.0772,0.064,0.0,0.936
@CBS,Sun Jan 07 03:03:52 +0000 2018,Gary,"@NFL @SkySports @NBC @CBS You know what, the officiating crew fucked up big time at not re-spotting the ball after… https://t.co/o1mRlDZsZo",-0.6597,0.0,0.18,0.82
@CBS,Sun Jan 07 03:03:41 +0000 2018,bamamd,Even @CBS Chicago PD knows what’s up ... #RollTide #RoadTo17 https://t.co/QHmuo8nWrs,0.0,0.0,0.0,1.0
@CBS,Sun Jan 07 03:03:35 +0000 2018,i want to be irl moe,@CBS  https://t.co/jVHJ1nIzwZ,0.0,0.0,0.0,1.0
@CBS,Sun Jan 07 03:03:22 +0000 2018,Theresa,RT @bridgette_TN: Major Crimes! Watch Tuesday 9E/8C  “By Any Means” #SupportMajorCrimes @CBS @EpixHD @epixpress @CBSTweet  @WBHomeEnt @AllA…,0.0,0.0,0.0,1.0
@CBS,Sun Jan 07 03:03:02 +0000 2018,LouMel,RT @mamen61m: #Supportmajorcrimes @CBS próximo martes!!! @warnerbrostv https://t.co/j2wZhNyFHD,0.0,0.0,0.0,1.0
@CBS,Sun Jan 07 03:02:55 +0000 2018,LouMel,RT @mamen61m: Provenza y sus gorros #Supportmajorcrimes próximo episodio @CBS no te lo pierdas @warnerbrostv https://t.co/KNYjk9fgmq,-0.296,0.0,0.136,0.864
@CBS,Sun Jan 07 03:02:52 +0000 2018,Caramelo duro ? ??,Will @hulu let people stream @CBS live when the @GRAMMY's are on?,0.0,0.0,0.0,1.0
@CBS,Sun Jan 07 03:02:48 +0000 2018,LouMel,RT @bridgette_TN: Major Crimes! Watch Tuesday 9E/8C  “By Any Means” #SupportMajorCrimes @CBS @EpixHD @epixpress @CBSTweet  @WBHomeEnt @AllA…,0.0,0.0,0.0,1.0
@CBS,Sun Jan 07 03:02:45 +0000 2018,Waa Doo,WTH @bbc @nbc @cbs @abc @potus @cnn @fbi @TheFed @Hannity @OANN https://t.co/NlwZuP7lhk,-0.6289,0.0,0.273,0.727
@CBS,Sun Jan 07 03:02:42 +0000 2018,LouMel,"RT @theresa_1922: New &amp; final episode of #MajorCrimes #Season6 Tuesday, 1/9/18 9/8c on TNT
#SupportMajorCrimes #SaveMajorCrimes @CBS @warne…",0.0,0.0,0.0,1.0
@CBS,Sun Jan 07 03:01:59 +0000 2018,Jiho Bae,RT @Wildaboutmusic: We're working hard on @RecordingAcad's 60th #GRAMMYs. Get ready for the show 1/28 on @CBS by getting the 2018 Nominees…,0.2732,0.105,0.059,0.837
@CBS,Sun Jan 07 03:01:39 +0000 2018,Anna King,"RT @hfbritton: .@TuckerCarlson @CNN @FOXNEWS @MSNBC @CBSNews @CBS @AP @Reuters
@Washingtonpost @ABC @TeamCNN @Nytimes @frontlinepbs 

SUPPO…",0.0,0.0,0.0,1.0
@CBS,Sun Jan 07 03:01:36 +0000 2018,Jeanie,"RT @SmallBiz4Trump: TRUMP ACCOMPLISHMENTS ..
Retweet the hell out of this to annoy @ABC @CBS @cnn @cnbc @MSNBC @nbc @nytimes @washingtonpos…",-0.8176,0.0,0.283,0.717
@CBS,Sun Jan 07 03:00:56 +0000 2018,rainpanda ??,@FrontierCorp @FrontFIOS @AskFrontier~W/my suddenly 60%?mo bills ever since I got 2/3 back sought in @FCC complaint… https://t.co/QuMafGyhC1,0.0,0.0,0.0,1.0
@CBS,Sun Jan 07 03:00:40 +0000 2018,??   Barb Randolph  ?,??  ?   #FakeNews – A “LYING” Press is NOT a FREE  Press –  MASQUERADING as JOURNALISTS PEDDLING LIBERAL PROPAGANDA… https://t.co/zv2j0gfdah,0.6166,0.224,0.0,0.776
@CBS,Sun Jan 07 03:00:12 +0000 2018,Kevin Dalton,RT @gs777gs777: @CNN @MSNBC @ABC @CBS @nytimes @washingtonpost At what point will you start feeling STUPID and DERANGED ? The whole of Amer…,-0.5622,0.059,0.161,0.78
@CBS,Sun Jan 07 03:00:09 +0000 2018,Shauna,@DineshDSouza DJT IQ 156 FYI @ABC @CBS @CNN @MSNBC @nbc @latimes @nytimes @washingtonpost @alisyn_camerota @AC360… https://t.co/j5j1sQNe4a,0.368,0.144,0.0,0.856
@CBS,Sun Jan 07 02:59:19 +0000 2018,Lance Silver,"RT @PMgeezer: Waiting to see this reported on @CNN @MSNBC @ABC @NBC @CBS “Democrats’ dishonest scramble to disown the Trump ‘dossier’” 
#Cr…",-0.5719,0.0,0.15,0.85
@CBS,Sun Jan 07 02:59:16 +0000 2018,Shauna,@DineshDSouza BHO IQ 102 FYI @ABC @CBS @CNN @MSNBC @nbc @latimes @nytimes @washingtonpost @alisyn_camerota @AC360… https://t.co/nZW28JU91q,0.368,0.144,0.0,0.856
@CBS,Sun Jan 07 02:59:11 +0000 2018,evan spooner,@aOverit @HuffPost @nytimes @CNN @HLN @MSN @DNC @ABC @nbc @CBS @FoxNews For real monsters,0.0,0.0,0.0,1.0
@CBS,Sun Jan 07 02:59:03 +0000 2018,Daniel Santos Cantú,"@thehill @CNN it's much better and ""fair"" for all of America to speculate about nuclear annihilation instead becaus… https://t.co/aC59EQ6njk",0.4404,0.139,0.0,0.861
@CBS,Sun Jan 07 02:58:39 +0000 2018,R K,"RT @firecolbert: Tell @CBS It's Time to #FireColbert
CBS Headquarters
1-212-975-4321
51 W. 52nd Street
New York, NY 10019-6188
#StephenColb…",0.0,0.0,0.0,1.0
@CBS,Sun Jan 07 02:58:07 +0000 2018,Donna Williams,"RT @hfbritton: .@TuckerCarlson @CNN @FOXNEWS @MSNBC @CBSNews @CBS @AP @Reuters
@Washingtonpost @ABC @TeamCNN @Nytimes @frontlinepbs 

SUPPO…",0.0,0.0,0.0,1.0
@CBS,Sun Jan 07 02:56:54 +0000 2018,JWesterberg,"You have one (Fox) that supports @realDonaldTrump.  @CNN, @MSNBC, @ABC, @nbc, @CBS are all anti-Trump.  It was juat… https://t.co/fIb1XX1i7U",0.3612,0.122,0.0,0.878
@CBS,Sun Jan 07 02:56:41 +0000 2018,Shauna,@SebGorka NEWS??@ABC @CBS @CNN @MSNBC @nbc @latimes @nytimes @washingtonpost @alisyn_camerota @AC360 @maggieNYT… https://t.co/dbSC24aUJN,0.0,0.0,0.0,1.0
@CBS,Sun Jan 07 02:56:39 +0000 2018,RED,"RT @PatriotCarol45: @cbs @nbc @CNN @MSNBC @maddow @nytimes @washingtonpost 
Want you to concentrate on Bannon- Concentrate on the crumbs. B…",0.0772,0.064,0.0,0.936
@CBS,Sun Jan 07 02:56:26 +0000 2018,LUIS  QUINTERO,"RT @AlejoGuerrero15: @Pontifex_es @lia_fowler @DiestraColombia @ONU_es @CNNEE @cbs @bbcmundo
@CorpoRosaBlanca @LaCasaBlanca @realDonaldTrum…",0.0,0.0,0.0,1.0
@CBS,Sun Jan 07 02:55:39 +0000 2018,Shauna,@SebGorka FACE TRUTH ??@ABC @CBS @CNN @MSNBC @nbc @latimes @nytimes @washingtonpost @alisyn_camerota @AC360… https://t.co/x4XQpxwFr7,0.4648,0.189,0.0,0.811
@CBS,Sun Jan 07 02:54:50 +0000 2018,Shauna,@SebGorka @realDonaldTrump REPORT NEWS ??@ABC @CBS @CNN @MSNBC @nbc @latimes @nytimes @washingtonpost… https://t.co/r40XgfFilM,0.0,0.0,0.0,1.0
@CBS,Sun Jan 07 02:53:56 +0000 2018,Shauna,@foxandfriends @SebGorka YOU Guys ??@ABC @CBS @CNN @MSNBC @nbc @latimes @nytimes @washingtonpost @alisyn_camerota… https://t.co/CO1cV9a6eb,0.0,0.0,0.0,1.0
@CBS,Sun Jan 07 02:53:47 +0000 2018,Geegeebythesea,"They aren't waiting 4 Congress,to build trump wall.I don't think state's rights lovin Texans are gonna be ok with t… https://t.co/nAPk5zxufK",0.296,0.104,0.0,0.896
@CBS,Sun Jan 07 02:52:39 +0000 2018,REAL MIKE SMITH LOYAL .DIEHARD TRUMP SUPPORTER,"RT @PatriotCarol45: @cbs @nbc @CNN @MSNBC @maddow @nytimes @washingtonpost 
Want you to concentrate on Bannon- Concentrate on the crumbs. B…",0.0772,0.064,0.0,0.936
@CBS,Sun Jan 07 02:52:31 +0000 2018,Dr. Adam Middleton,"RT @PatriotCarol45: @cbs @nbc @CNN @MSNBC @maddow @nytimes @washingtonpost 
Want you to concentrate on Bannon- Concentrate on the crumbs. B…",0.0772,0.064,0.0,0.936
@CBS,Sun Jan 07 02:52:18 +0000 2018,Curt Stroede,RT @nvrggivup: #stablegenius we see @CNN @cnnbrk @cnni @CNNPolitics @MSNBC @maddow @ABC @ABCNetwork @CBSNews @CBS @NBCNews is unstable. Use…,-0.3612,0.0,0.122,0.878
@CBS,Sun Jan 07 02:52:04 +0000 2018,HOT DIGGITY,RT @CBS: The biggest stars in music are right here. https://t.co/pyLJMLpnlH,0.0,0.0,0.0,1.0
@CBS,Sun Jan 07 02:51:38 +0000 2018,May Smith,@CBS please watch https://t.co/QVebbt9Kt4,0.3182,0.434,0.0,0.566
@CBS,Sun Jan 07 02:51:22 +0000 2018,Eleanor Berenguer,Have U seen the @NewYorker Presents on @Amazon @JeffBezos re: how #cia hid info that might have prevented 9/11 from… https://t.co/LPCzeq9cd7,-0.0772,0.054,0.068,0.878
@CBS,Sun Jan 07 02:50:39 +0000 2018,LouMel,RT @bridgette_TN: Major Crimes! Watch Tuesday 9E/8C  “By Any Means” #SupportMajorCrimes @CBS @EpixHD @epixpress @CBSTweet  @WBHomeEnt @AllA…,0.0,0.0,0.0,1.0
@CBS,Sun Jan 07 02:50:33 +0000 2018,Veronica Evans,RT @nvrggivup: #stablegenius we see @CNN @cnnbrk @cnni @CNNPolitics @MSNBC @maddow @ABC @ABCNetwork @CBSNews @CBS @NBCNews is unstable. Use…,-0.3612,0.0,0.122,0.878
@CBS,Sun Jan 07 02:49:50 +0000 2018,Peterptron,RT @faagifts: @CNN @ABC @CBS @NBC @MSNBC @washingtonpost @donlemon @TheView  '' DO YOU TRUST THE MEDIA'S REPORTS? (*( RE-TWEET FOR ACCURACY…,0.6166,0.168,0.0,0.832
@CBS,Sun Jan 07 02:48:46 +0000 2018,Kevin W.,"RT @PatriotCarol45: @cbs @nbc @CNN @MSNBC @maddow @nytimes @washingtonpost 
Want you to concentrate on Bannon- Concentrate on the crumbs. B…",0.0772,0.064,0.0,0.936
@CBS,Sun Jan 07 02:48:19 +0000 2018,Teach1,"RT @hfbritton: .

@TuckerCarlson @CNN
@FOXNEWS @MSNBC @CBSNews @CBS @AP @Reuters @Washingtonpost @ABC @TeamCNN @Nytimes  @frontlinepbs http…",0.0,0.0,0.0,1.0
@CBS,Sun Jan 07 02:48:01 +0000 2018,Shauna,@ExMuslimTV @ABC @CBS @CNN @MSNBC @nbc @latimes @nytimes @washingtonpost @alisyn_camerota @AC360 @maggieNYT… https://t.co/xEzHvkTWZJ,0.0,0.0,0.0,1.0
@CBS,Sun Jan 07 02:47:55 +0000 2018,Jim Rathbun,"RT @PMgeezer: Waiting to see this reported on @CNN @MSNBC @ABC @NBC @CBS “Democrats’ dishonest scramble to disown the Trump ‘dossier’” 
#Cr…",-0.5719,0.0,0.15,0.85
@CBS,Sun Jan 07 02:47:50 +0000 2018,ZOREIL,"RT @AWAKEALERT: Pro-Assad Rally in Liberated #Qudsaya
chanting ""Only God, Syria &amp; #Assad""
@StateDept @FoxNews
@CBS @ABC @seanhannity
https:…",0.2732,0.104,0.0,0.896
@CBS,Sun Jan 07 02:47:39 +0000 2018,Bec,@CBS That link doesn’t work. :(,-0.4404,0.0,0.367,0.633
@CBS,Sun Jan 07 02:47:26 +0000 2018,mapleridge8,"RT @PaulaChertok: @CBS Simonyan denies interference. Gaslighting, she says, ""You believe that?? RT had opinions. Isn't that allowed in demo…",-0.4871,0.0,0.143,0.857
@CBS,Sun Jan 07 02:47:24 +0000 2018,Teach1,"RT @hfbritton: .@TuckerCarlson @CNN @FOXNEWS @MSNBC @CBSNews @CBS @AP @Reuters @Washingtonpost @ABC @TeamCNN @Nytimes  @frontlinepbs 
Suppo…",0.0,0.0,0.0,1.0
@CBS,Sun Jan 07 02:47:21 +0000 2018,Jay Joan,@bridgetmoynahan @BlueBloods_CBS @CBS Yes!!!   These breaks are torture.  ?,-0.4724,0.2,0.354,0.445
@CBS,Sun Jan 07 02:46:09 +0000 2018,Emmy Morgan,hey thanks @CBS for skipping 3 episodes of @swatcbs on your app. This is exactly why ppl go bootleg because of crap… https://t.co/kwqZHUbyHv,0.4404,0.121,0.0,0.879
@CBS,Sun Jan 07 02:44:26 +0000 2018,Shauna,@chuckwoolery YOU Guys??@ABC @CBS @CNN @MSNBC @nbc @latimes @nytimes @washingtonpost @alisyn_camerota @AC360… https://t.co/Fnt9ybwIIH,0.0,0.0,0.0,1.0
@CBS,Sun Jan 07 02:43:50 +0000 2018,"Mark W. Friedman, CPA/PFS, AWMA",@BobKarwin @CBS No surprise there,-0.0258,0.288,0.301,0.411
@CBS,Sun Jan 07 02:43:37 +0000 2018,Shauna,@chuckwoolery @ABC @CBS @CNN @MSNBC @nbc @latimes @nytimes @washingtonpost @alisyn_camerota @AC360 @maggieNYT… https://t.co/vFkqF17elm,0.0,0.0,0.0,1.0
@CBS,Sun Jan 07 02:43:33 +0000 2018,#SaveEyewitness,#WeWantEyewitnessSeason2 @netflix @amazon @PrimeVideo @heretv @Showtime @STARZ @showcasedotca @XFINITY @TBSNetwork @twxcorp @CBS @hulu,0.0,0.0,0.0,1.0
@CBS,Sun Jan 07 02:43:07 +0000 2018,deplorable susie,@CNN @MSNBC @ABC @CBS @nytimes @washingtonpost At what point will you start feeling STUPID and DERANGED ? The whole… https://t.co/oIPYSkeMpG,-0.5622,0.066,0.183,0.751
@CBS,Sun Jan 07 02:42:30 +0000 2018,Sandra Pryor,RT @hfbritton: .@TuckerCarlson @CNN @FOXNEWS @MSNBC @CBSNews @CBS @AP @Reuters @Washingtonpost @ABC @TeamCNN @Nytimes  @frontlinepbs @POTUS…,0.0,0.0,0.0,1.0
@CBS,Sun Jan 07 02:42:20 +0000 2018,Fred W. Meister,RT @Cbbtweets: A reputable Reddit account is claiming this is the working line-up for @CBS 'Celebrity Big Brother' in the USA. Premieres Fe…,0.0,0.0,0.0,1.0
@CBS,Sun Jan 07 02:42:10 +0000 2018,Shauna,@RealJamesWoods @ABC @CBS @CNN @MSNBC @nbc @latimes @nytimes @washingtonpost @alisyn_camerota @AC360 @maggieNYT… https://t.co/nMqW01HehB,0.0,0.0,0.0,1.0
@CBS,Sun Jan 07 02:41:31 +0000 2018,Shauna,@KellyannePolls Report??@ABC @CBS @CNN @MSNBC @nbc @latimes @nytimes @washingtonpost @alisyn_camerota @AC360… https://t.co/YgkKz3XhcK,0.0,0.0,0.0,1.0
@CBS,Sun Jan 07 02:41:06 +0000 2018,?? ??,RT @RecordingAcad: It's true! @taylorswift13 will return to the GRAMMY stage for a performance at the 58th #GRAMMYs Feb. 15 on @CBS! https:…,0.5242,0.139,0.0,0.861
@CBS,Sun Jan 07 02:40:37 +0000 2018,Gene Stoker,I think Graham will meet his demise at the hands of Dina.  Get  him good Lady!!  @YRInsider @YandR_CBS @cbs,0.5399,0.17,0.0,0.83
@CBS,Sun Jan 07 02:40:08 +0000 2018,Biggest Redskin Fan,@DonnieWahlberg @CBS HTTR https://t.co/k3npdH4BmM,0.0,0.0,0.0,1.0
@CBS,Sun Jan 07 02:38:23 +0000 2018,daniel smith,"RT @hfbritton: .@TuckerCarlson @CNN @FOXNEWS @MSNBC @CBSNews @CBS @AP @Reuters
@Washingtonpost @ABC @TeamCNN @Nytimes @frontlinepbs 

SUPPO…",0.0,0.0,0.0,1.0
@CBS,Sun Jan 07 02:38:01 +0000 2018,Shauna,@1GigiSims @ABC @CBS @CNN @MSNBC @nbc @latimes @nytimes @washingtonpost @alisyn_camerota @AC360 @maggieNYT… https://t.co/SI0lnsiSFJ,0.0,0.0,0.0,1.0
@CBS,Sun Jan 07 02:37:30 +0000 2018,Deplorable Linda G.,"RT @PatriotCarol45: @cbs @nbc @CNN @MSNBC @maddow @nytimes @washingtonpost 
Want you to concentrate on Bannon- Concentrate on the crumbs. B…",0.0772,0.064,0.0,0.936
@CBS,Sun Jan 07 02:36:11 +0000 2018,Michael G. Wilson,"RT @charliekirk11: Incredible video: @CBS does a special on the GOP tax plan 

The result?

Every middle class family they sat down with SA…",0.4019,0.109,0.0,0.891
@CBS,Sun Jan 07 02:34:29 +0000 2018,the elms,@lovingmyUSA1 @KrysyndaDay @dcexaminer @cbs @pbs @seattletimes @cnn @foxnews @wsj @KimStrassel @meetthepress @npr… https://t.co/r7Tb80VAJB,0.0,0.0,0.0,1.0
@CBS,Sun Jan 07 02:34:14 +0000 2018,Shauna,@jakepalmieri @ABC @CBS @CNN @MSNBC @nbc @latimes @nytimes @washingtonpost @alisyn_camerota @AC360 @maggieNYT… https://t.co/ICfo9ihSg2,0.0,0.0,0.0,1.0
@CBS,Sun Jan 07 02:34:03 +0000 2018,Shauna,@PalmieriReport @ABC @CBS @CNN @MSNBC @nbc @latimes @nytimes @washingtonpost @alisyn_camerota @AC360 @maggieNYT… https://t.co/60IVlt6M7f,0.0,0.0,0.0,1.0
@CBS,Sun Jan 07 02:33:45 +0000 2018,Shauna,@PalmieriReport @ABC @CBS @CNN @MSNBC @nbc @latimes @nytimes @washingtonpost @alisyn_camerota @AC360 @maggieNYT… https://t.co/FuthQtJqws,0.0,0.0,0.0,1.0
@CBS,Sun Jan 07 02:33:14 +0000 2018,RuthieRedSox,"RT @PatriotCarol45: @cbs @nbc @CNN @MSNBC @maddow @nytimes @washingtonpost 
Want you to concentrate on Bannon- Concentrate on the crumbs. B…",0.0772,0.064,0.0,0.936
@CBS,Sun Jan 07 02:32:53 +0000 2018,Curley #FBR ???#resist ??? #impeachtrump??,@realDonaldTrump @FoxNews @SenateGOP @HouseGOP @ABC @CBS @CNN @AP @WSJ @nyt #MAGA2018 #MagaMoron #MAGA https://t.co/v2yLFnVI0i,0.0,0.0,0.0,1.0
@CBS,Sun Jan 07 02:31:36 +0000 2018,America Saved ???,"RT @PMgeezer: Waiting to see this reported on @CNN @MSNBC @ABC @NBC @CBS “Democrats’ dishonest scramble to disown the Trump ‘dossier’” 
#Cr…",-0.5719,0.0,0.15,0.85
@CBS,Sun Jan 07 02:31:15 +0000 2018,UKRyan,@JerEstell @danwat1234 @startrekcbs @jonathansfrakes @CBS Can I jump in and ask at what time does America/Canada get access to the show?,0.0,0.0,0.0,1.0
@CBS,Sun Jan 07 02:31:10 +0000 2018,rose,"@MSNBC @CNN @ABC @CBS @NBC @newyorktimes110 @nytimes @washingtonpost When you repeat Trump's childish nick names, y… https://t.co/9hjdqWtZ7G",-0.296,0.0,0.121,0.879
@CBS,Sun Jan 07 02:31:07 +0000 2018,Gustavo alfonso roja,"RT @AlejoGuerrero15: @Pontifex_es @lia_fowler @DiestraColombia @ONU_es @CNNEE @cbs @bbcmundo
@CorpoRosaBlanca @LaCasaBlanca @realDonaldTrum…",0.0,0.0,0.0,1.0
@CBS,Sun Jan 07 02:30:04 +0000 2018,Clara Bermúdez,"RT @AlejoGuerrero15: @Pontifex_es @lia_fowler @DiestraColombia @ONU_es @CNNEE @cbs @bbcmundo
@CorpoRosaBlanca @LaCasaBlanca @realDonaldTrum…",0.0,0.0,0.0,1.0
@CBS,Sun Jan 07 02:29:44 +0000 2018,Shauna,"@mitchellvii @HillaryClinton Hillary...Sober Up! 
YOU're in TROUBLE

@BillClinton @ABC @CBS @CNN @MSNBC @nbc… https://t.co/5U7IkWzFUv",-0.5754,0.0,0.223,0.777
@CBS,Sun Jan 07 02:29:29 +0000 2018,Cutie1,"RT @PatriotCarol45: @cbs @nbc @CNN @MSNBC @maddow @nytimes @washingtonpost 
Want you to concentrate on Bannon- Concentrate on the crumbs. B…",0.0772,0.064,0.0,0.936
@CBS,Sun Jan 07 02:29:21 +0000 2018,chuck m. ?,"RT @PaulaChertok: @CBS Simonyan denies interference. Gaslighting, she says, ""You believe that?? RT had opinions. Isn't that allowed in demo…",-0.4871,0.0,0.143,0.857
@CBS,Sun Jan 07 02:29:19 +0000 2018,Flight Attendant,"RT @PaulaChertok: “She’s very impressive,” overhead @CBS newsroom chatter. Duh, Simonyan heads the most sophisticated Russian propaganda ne…",0.3878,0.176,0.102,0.722
@CBS,Sun Jan 07 02:28:49 +0000 2018,PatriciaFromTexas,"RT @PatriotCarol45: @cbs @nbc @CNN @MSNBC @maddow @nytimes @washingtonpost 
Want you to concentrate on Bannon- Concentrate on the crumbs. B…",0.0772,0.064,0.0,0.936
@CBS,Sun Jan 07 02:28:49 +0000 2018,Robin Hood,"RT @PatriotCarol45: @cbs @nbc @CNN @MSNBC @maddow @nytimes @washingtonpost 
Want you to concentrate on Bannon- Concentrate on the crumbs. B…",0.0772,0.064,0.0,0.936
@CBS,Sun Jan 07 02:28:37 +0000 2018,MARIA ISABEL GARCIA,"RT @AlejoGuerrero15: @Pontifex_es @lia_fowler @DiestraColombia @ONU_es @CNNEE @cbs @bbcmundo
@CorpoRosaBlanca @LaCasaBlanca @realDonaldTrum…",0.0,0.0,0.0,1.0
@CBS,Sun Jan 07 02:27:50 +0000 2018,Mike,@faagifts @realDonaldTrump @CNN @ABC @CBS @nbc @MSNBC @TheView @donlemon @foxandfriends @NancyPelosi @chuckschumer… https://t.co/uzHzdELP78,0.0,0.0,0.0,1.0
@CBS,Sun Jan 07 02:27:24 +0000 2018,Sucui,"RT @AlejoGuerrero15: @Pontifex_es @lia_fowler @DiestraColombia @ONU_es @CNNEE @cbs @bbcmundo
@CorpoRosaBlanca @LaCasaBlanca @realDonaldTrum…",0.0,0.0,0.0,1.0
@CBS,Sun Jan 07 02:27:17 +0000 2018,anderson hala,"RT @AlejoGuerrero15: @Pontifex_es @lia_fowler @DiestraColombia @ONU_es @CNNEE @cbs @bbcmundo
@CorpoRosaBlanca @LaCasaBlanca @realDonaldTrum…",0.0,0.0,0.0,1.0
@CBS,Sun Jan 07 02:27:02 +0000 2018,Fabricio B. Moreno,Watching The Big Bang Theory https://t.co/wtXHSuxSkZ @bigbangtheory #TheBigBangTheory #TBBT #CBS @CBS #nowwatching… https://t.co/BOYCec9hBx,0.0,0.0,0.0,1.0
@CBS,Sun Jan 07 02:26:35 +0000 2018,UrbanTinkerer,"RT @PaulaChertok: “She’s very impressive,” overhead @CBS newsroom chatter. Duh, Simonyan heads the most sophisticated Russian propaganda ne…",0.3878,0.176,0.102,0.722
@CBS,Sun Jan 07 02:26:30 +0000 2018,Former Dem David,RT @nvrggivup: #stablegenius we see @CNN @cnnbrk @cnni @CNNPolitics @MSNBC @maddow @ABC @ABCNetwork @CBSNews @CBS @NBCNews is unstable. Use…,-0.3612,0.0,0.122,0.878
@CBS,Sun Jan 07 02:26:15 +0000 2018,Paul Witkowski,"RT @PatriotCarol45: @cbs @nbc @CNN @MSNBC @maddow @nytimes @washingtonpost 
Want you to concentrate on Bannon- Concentrate on the crumbs. B…",0.0772,0.064,0.0,0.936
@CBS,Sun Jan 07 02:25:54 +0000 2018,Ghost ?? Veteran,@nvrggivup @dawnzoc @CNN @cnnbrk @cnni @CNNPolitics @MSNBC @maddow @ABC @ABCNetwork @CBSNews @CBS @NBCNews Were the… https://t.co/iqlGooQBRk,0.0,0.0,0.0,1.0
@CBS,Sun Jan 07 02:25:20 +0000 2018,Tara,"I would now like to complain about two meaningless things: 1. TV networks (thinking of you, specifically at the mom… https://t.co/RShM03TKeB",-0.4404,0.1,0.217,0.683
@CBS,Sun Jan 07 02:25:20 +0000 2018,Loreo,"RT @CBS: Current nominees @LadyGaga, @LittleBigTown, @Pink, Childish Gambino and more will perform live at the #GRAMMYs, January 28 on CBS!…",-0.3595,0.0,0.111,0.889
@CNN,Sun Jan 07 03:09:01 +0000 2018,rhonda west,@242424Hill @CNN Now that's REALLY Cray Cray,0.0,0.0,0.0,1.0
@CNN,Sun Jan 07 03:09:01 +0000 2018,James,@CNN About as cold as Hilary Clinton’s bedroom action ???,0.0,0.0,0.0,1.0
@CNN,Sun Jan 07 03:08:58 +0000 2018,Mike M,RT @brianstelter: Talking about Hannity's penchant for Clinton health conspiracy theories on @CNN now ?? https://t.co/wbqrDM64IB,-0.5267,0.0,0.185,0.815
@CNN,Sun Jan 07 03:08:57 +0000 2018,?Facts_Matter??,"@thehill Why does @smerconish still have a show on @CNN? He's boring, acts superior to everyone else, ignores the o… https://t.co/XHPFSxUpQb",0.0258,0.141,0.177,0.683
@CNN,Sun Jan 07 03:08:56 +0000 2018,thicc ??,@RobertInSC @CNN @CNNOpinion Dude where at? I wanna take a trip and take a pic in front of it ?,0.0,0.0,0.0,1.0
@CNN,Sun Jan 07 03:08:56 +0000 2018,????,RT @CNN: This is what subzero temperature looks like https://t.co/BT8H3eMVq8 https://t.co/F0Mm0KY4DN,0.3612,0.2,0.0,0.8
@CNN,Sun Jan 07 03:08:55 +0000 2018,Draxx,"@DestroyIllusion @CNN Gee, was that hit by a plane?? Or was it one of those building crippling office fires??",0.0,0.0,0.0,1.0
@CNN,Sun Jan 07 03:08:55 +0000 2018,Caryn S.???,RT @perfectsliders: .@CNN poll: 61% of women think Trump should resign because of sexual harassment allegations against him; 39% of men thi…,-0.7096,0.0,0.228,0.772
@CNN,Sun Jan 07 03:08:55 +0000 2018,Jossy P. Rodriguez,"RT @CNN: Democratic mega-donor and billionaire environmentalist Tom Steyer has purchased a copy of ""Fire and Fury"" for every member of Cong…",-0.7269,0.0,0.243,0.757
@CNN,Sun Jan 07 03:08:55 +0000 2018,TC Thompson,"RT @CNN: Former White House chief strategist Steve Bannon was going to attack ""Fire and Fury"" author Michael Wolff over quotes attributed t…",-0.8481,0.0,0.315,0.685
@CNN,Sun Jan 07 03:08:54 +0000 2018,2018??Elections,@JonathanStrouse @Clarion50 @CNN https://t.co/zZMd4a0Cyo,0.0,0.0,0.0,1.0
@CNN,Sun Jan 07 03:08:53 +0000 2018,Cryptoguider,@RobertInSC @CNN @CNNOpinion Only difference is the enquirer doesn't pretend to be a legitimate media source.,0.0762,0.085,0.0,0.915
@CNN,Sun Jan 07 03:08:52 +0000 2018,Kelly Shetlar,@William21035190 @CNN Why is it blind?,-0.4019,0.0,0.351,0.649
@CNN,Sun Jan 07 03:08:51 +0000 2018,Lawrence C. Little,@Random_Nonsense @Franklin_Graham @CNN The people who have bought into lies are the people who believe that THC is… https://t.co/Dzw1Pf5CUa,-0.4215,0.0,0.135,0.865
@CNN,Sun Jan 07 03:08:51 +0000 2018,Josepi Rodrigo,@CNN They'll probably toss it in the fireplace just as they did with the Constitution of the United States...,0.4215,0.135,0.0,0.865
@CNN,Sun Jan 07 03:08:50 +0000 2018,Meeche,"RT @CNN: Democratic mega-donor and billionaire environmentalist Tom Steyer has purchased a copy of ""Fire and Fury"" for every member of Cong…",-0.7269,0.0,0.243,0.757
@CNN,Sun Jan 07 03:08:50 +0000 2018,_NYCRIGHT,@CNN He could have written me a check to buy an eco friendly car instead pshhhh,0.4939,0.186,0.0,0.814
@CNN,Sun Jan 07 03:08:49 +0000 2018,Terrance Taylor,@CNN ??????????????,0.0,0.0,0.0,1.0
@CNN,Sun Jan 07 03:08:49 +0000 2018,Bev,RT @CNN: This is what subzero temperature looks like https://t.co/BT8H3eMVq8 https://t.co/F0Mm0KY4DN,0.3612,0.2,0.0,0.8
@CNN,Sun Jan 07 03:08:47 +0000 2018,rhema  craib,RT @CNN: This is what subzero temperature looks like https://t.co/BT8H3eMVq8 https://t.co/F0Mm0KY4DN,0.3612,0.2,0.0,0.8
@CNN,Sun Jan 07 03:08:47 +0000 2018,ugafan24,@cnn you guys cannot find any other news to report accept @realDonaldTrump,0.3818,0.191,0.0,0.809
@CNN,Sun Jan 07 03:08:47 +0000 2018,J,@XENOGEAR3601 @CNN Here's a smile ?have a happy healthy 2018!,0.8478,0.648,0.0,0.352
@CNN,Sun Jan 07 03:08:47 +0000 2018,MAGA??Mom,RT @seanspicer: Seems facts didn’t matter to @CNN ‘s @brianstelter when he rushed to denounce @gop @RNCResearch piece on the sloppy/ inaccu…,-0.3182,0.047,0.102,0.851
@CNN,Sun Jan 07 03:08:47 +0000 2018,LeeAnn Bogan,RT @TrumpsBlonde: When @CNN runs multiple segments reporting that the @FBI is actively involved in a criminal investigation into the Clinto…,-0.2732,0.097,0.143,0.759
@CNN,Sun Jan 07 03:08:46 +0000 2018,Tracy Fisher,@CNN @CNNOpinion Yuck those orange hands been scratching way to many sweaty balls.,0.0,0.0,0.0,1.0
@CNN,Sun Jan 07 03:08:45 +0000 2018,cindy,RT @mrb4288: @perfectsliders @2Ckm72 @CNN 100% of the Deplorables believe CNN should be arrested for impersonating a news agency. ????,-0.4767,0.0,0.147,0.853
@CNN,Sun Jan 07 03:08:45 +0000 2018,msbeekie,RT @CNN: Trump's first-year jobs record was strong. Just not as strong as Obama's last year. https://t.co/u4Htz8d0Nq https://t.co/FC11KgiDYR,0.765,0.292,0.0,0.708
@CNN,Sun Jan 07 03:08:45 +0000 2018,Just Ann American,@wkamaubell I'm watching your @cnn series United Shades of America. When is your new season?,0.4215,0.167,0.0,0.833
@CNN,Sun Jan 07 03:08:45 +0000 2018,wendydavis,"RT @CNN: Democratic mega-donor and billionaire environmentalist Tom Steyer has purchased a copy of ""Fire and Fury"" for every member of Cong…",-0.7269,0.0,0.243,0.757
@CNN,Sun Jan 07 03:08:44 +0000 2018,Mike An,"RT @RangerDamrod: @chelseahandler @algore @cnn @cspan @wsj @ajc @johnkerry #algore said we would die by fire on January 26, 2017 and yet #G…",-0.743,0.0,0.231,0.769
@CNN,Sun Jan 07 03:08:43 +0000 2018,Avelina,RT @avelinamac1: @YoungDems4Trump @CNN That's why they have @Acosta he is the only one who can have reliable sources for this type of break…,0.0,0.0,0.0,1.0
@CNN,Sun Jan 07 03:08:43 +0000 2018,Darryl Drumgold,"RT @CNN: Democratic mega-donor and billionaire environmentalist Tom Steyer has purchased a copy of ""Fire and Fury"" for every member of Cong…",-0.7269,0.0,0.243,0.757
@CNN,Sun Jan 07 03:08:42 +0000 2018,Brett Butler,@CNN How many times will CNN retweet this stupid story.  Yay.... guy with lots of money and no common sense buys Congress a book of lies!,-0.8516,0.0,0.297,0.703
@CNN,Sun Jan 07 03:08:41 +0000 2018,Nyeisha,RT @ValenciaDClay: Frigid Baltimore City schools: The racism we haven't confronted @CNN https://t.co/NEtCh85Cwv,-0.5435,0.095,0.246,0.659
@CNN,Sun Jan 07 03:08:41 +0000 2018,Bennett Mahan,@CNN Aww is Bannon gigantic ego hurt. Trump did say he cried when fired. He totally screwed the people of Alabama.… https://t.co/QWRRbk6L3j,-0.92,0.0,0.421,0.579
@CNN,Sun Jan 07 03:08:40 +0000 2018,Dangerous George ?,@CNN This is what #FakeNews looks like https://t.co/nelKsTnVke,0.3612,0.263,0.0,0.737
@CNN,Sun Jan 07 03:08:40 +0000 2018,diane s. baker,@CNN Old white men looking for love? At whatever price.,0.6369,0.318,0.0,0.682
@CNN,Sun Jan 07 03:08:39 +0000 2018,Jossy P. Rodriguez,RT @CNN: This is what subzero temperature looks like https://t.co/BT8H3eMVq8 https://t.co/F0Mm0KY4DN,0.3612,0.2,0.0,0.8
@CNN,Sun Jan 07 03:08:39 +0000 2018,adorable Miss Tomi?,"RT @iamjasonbailey: Hey, @CNN!

T.H.I.S. I.S. U.N.S.T.A.B.L.E. ??????
T.H.I.S. I.S. U.N.S.T.A.B.L.E. ??????
T.H.I.S. I.S. U.N.S.T.A.B.L.E.…",0.0,0.0,0.0,1.0
@CNN,Sun Jan 07 03:08:36 +0000 2018,Laura Rose,"RT @CNN: Democratic mega-donor and billionaire environmentalist Tom Steyer has purchased a copy of ""Fire and Fury"" for every member of Cong…",-0.7269,0.0,0.243,0.757
@CNN,Sun Jan 07 03:08:34 +0000 2018,Ksugar,@CNN It’s sold out everywhere!,0.0,0.0,0.0,1.0
@CNN,Sun Jan 07 03:08:34 +0000 2018,Ramon Garcia,@CNN GOD BLESS YOU VERY GOOD AND SMART EXCELLENT GOOD SAMARITAN GOOD JOB,0.9645,0.779,0.0,0.221
@CNN,Sun Jan 07 03:08:33 +0000 2018,Peace Thru Strength,RT @seanspicer: Seems facts didn’t matter to @CNN ‘s @brianstelter when he rushed to denounce @gop @RNCResearch piece on the sloppy/ inaccu…,-0.3182,0.047,0.102,0.851
@CNN,Sun Jan 07 03:08:33 +0000 2018,r3df0cs,@CNN Pelosi's copy is in Espanol,0.0,0.0,0.0,1.0
@CNN,Sun Jan 07 03:08:33 +0000 2018,Terry Tio,"RT @CNN: Democratic mega-donor and billionaire environmentalist Tom Steyer has purchased a copy of ""Fire and Fury"" for every member of Cong…",-0.7269,0.0,0.243,0.757
@CNN,Sun Jan 07 03:08:33 +0000 2018,James Mowdy|BrandStoryNow.com,RT @JamesJetsOften: @thehill Take a seat @smerconish. Your cheque's in the mail. @CNN,0.0,0.0,0.0,1.0
@CNN,Sun Jan 07 03:08:33 +0000 2018,American Loyalist,RT @perfectsliders: .@CNN poll: 61% of women think Trump should resign because of sexual harassment allegations against him; 39% of men thi…,-0.7096,0.0,0.228,0.772
@CNN,Sun Jan 07 03:08:31 +0000 2018,cristina peres,"RT @CNN: Democratic mega-donor and billionaire environmentalist Tom Steyer has purchased a copy of ""Fire and Fury"" for every member of Cong…",-0.7269,0.0,0.243,0.757
@CNN,Sun Jan 07 03:08:30 +0000 2018,LA 4 Trump,"@brianstelter @CNN #CNNFakeNews #MAGA
https://t.co/5AX875ItS1",0.0,0.0,0.0,1.0
@CNN,Sun Jan 07 03:08:30 +0000 2018,Kristen Ledbetter,"RT @CNN: Democratic mega-donor and billionaire environmentalist Tom Steyer has purchased a copy of ""Fire and Fury"" for every member of Cong…",-0.7269,0.0,0.243,0.757
@CNN,Sun Jan 07 03:08:30 +0000 2018,therese harris,@CNN Sure...,0.0,0.0,0.0,1.0
@CNN,Sun Jan 07 03:08:28 +0000 2018,Stephanie Russell,@berniev1960 @CNN @CNNOpinion ??? https://t.co/huyNJK1v0m,0.0,0.0,0.0,1.0
@CNN,Sun Jan 07 03:08:27 +0000 2018,Loren Due,"Retweeted CNN (@CNN):

Democratic mega-donor and billionaire environmentalist Tom Steyer has purchased a copy of... https://t.co/WPpAv0vSvm",0.0,0.0,0.0,1.0
@CNN,Sun Jan 07 03:08:27 +0000 2018,James Mowdy|BrandStoryNow.com,@thehill Take a seat @smerconish. Your cheque's in the mail. @CNN,0.0,0.0,0.0,1.0
@CNN,Sun Jan 07 03:08:26 +0000 2018,Average Joe,@CNN @CNNOpinion You morons!   Hell yes both sides should work together!  Non compromise is the new name of the freaking game.,-0.8217,0.09,0.343,0.567
@CNN,Sun Jan 07 03:08:26 +0000 2018,Punches In Bunches,@CNN Waste of trees,-0.4215,0.0,0.483,0.517
@CNN,Sun Jan 07 03:08:25 +0000 2018,Grishmonger,"RT @CNN: Democratic mega-donor and billionaire environmentalist Tom Steyer has purchased a copy of ""Fire and Fury"" for every member of Cong…",-0.7269,0.0,0.243,0.757
@CNN,Sun Jan 07 03:08:25 +0000 2018,Marianne Zirkle,@AMissyannsweb @CNN It hasn't been called global warming  since thr 1970s. It is climate change.,0.1531,0.103,0.0,0.897
@CNN,Sun Jan 07 03:08:24 +0000 2018,Mohamed Kassim A Rah,@CNN @CNNOpinion Criminal,-0.5267,0.0,0.63,0.37
@CNN,Sun Jan 07 03:08:22 +0000 2018,mikewarder1,@CarmineZozzora @Braveheart_USA @jaketapper @seanhannity @realDonaldTrump @steph93065 @AppSame @Lrihendry… https://t.co/YfEDwlnf9Y,0.0,0.0,0.0,1.0
@CNN,Sun Jan 07 03:08:21 +0000 2018,Kiera ashley portman,"RT @CNN: Democratic mega-donor and billionaire environmentalist Tom Steyer has purchased a copy of ""Fire and Fury"" for every member of Cong…",-0.7269,0.0,0.243,0.757
@CNN,Sun Jan 07 03:08:20 +0000 2018,Jackson,"@brianstelter @CNN Wow, hypocrite much? https://t.co/qC0FbSwZZV",0.5859,0.432,0.0,0.568
@CNN,Sun Jan 07 03:08:20 +0000 2018,????×?????????????????,RT @CNN: This is what subzero temperature looks like https://t.co/BT8H3eMVq8 https://t.co/F0Mm0KY4DN,0.3612,0.2,0.0,0.8
@CNN,Sun Jan 07 03:08:19 +0000 2018,Phillip C. Smith,"RT @CNN: Democratic mega-donor and billionaire environmentalist Tom Steyer has purchased a copy of ""Fire and Fury"" for every member of Cong…",-0.7269,0.0,0.243,0.757
@CNN,Sun Jan 07 03:08:19 +0000 2018,Carol@JoanT,"RT @CNN: Democratic mega-donor and billionaire environmentalist Tom Steyer has purchased a copy of ""Fire and Fury"" for every member of Cong…",-0.7269,0.0,0.243,0.757
@CNN,Sun Jan 07 03:08:19 +0000 2018,Loren Due,"RT @CNN: Democratic mega-donor and billionaire environmentalist Tom Steyer has purchased a copy of ""Fire and Fury"" for every member of Cong…",-0.7269,0.0,0.243,0.757
@CNN,Sun Jan 07 03:08:19 +0000 2018,somedaygirl,RT @RedPillBlack: Can you imagine if @realDonaldTrump offered hot sauce to black people as an incentive to vote for him? @CNN would have a…,0.3612,0.098,0.0,0.902
@CNN,Sun Jan 07 03:08:18 +0000 2018,Jul,@CNN  https://t.co/H1XU4d6QlX,0.0,0.0,0.0,1.0
@CNN,Sun Jan 07 03:08:18 +0000 2018,Ashin Lay,RT @jaykob_seiler: @Mickorua1 @sorexist @DrWrunakas @monk_asian @Terrorism_Newz @CNN @cnnbrk @cnni @ChannelNewsAsia @ABC @ABCNetwork @abcne…,0.0,0.0,0.0,1.0
@CNN,Sun Jan 07 03:08:17 +0000 2018,RP2410122MLT,RT @DavidJollyFL: Rohrabacher really not helping himself with this @CNN interview right now re Russia.,-0.2884,0.0,0.134,0.866
@CNN,Sun Jan 07 03:08:16 +0000 2018,Sam,"RT @Putinshorse: Oh Snap! @CNN did @realDonaldTrump request 2 scoops again? 
#qanon
#SexTrafficking EO
#Boots for all 
#FakeCrapper
#Trumpl…",0.0,0.0,0.0,1.0
@CNN,Sun Jan 07 03:08:16 +0000 2018,Linda Hisken,"RT @CNN: Democratic mega-donor and billionaire environmentalist Tom Steyer has purchased a copy of ""Fire and Fury"" for every member of Cong…",-0.7269,0.0,0.243,0.757
@CNN,Sun Jan 07 03:08:15 +0000 2018,Loren Due,"Retweeted CNN (@CNN):

Former White House chief strategist Steve Bannon was going to attack ""Fire and Fury""... https://t.co/mu3w1Gp4WT",-0.6705,0.0,0.256,0.744
@CNN,Sun Jan 07 03:08:15 +0000 2018,Bertie Sprague,@CNN It's strange that no one else is rushing to corroborate your  comments Donnie.  You have a very highly overinf… https://t.co/PggPUyNNIe,-0.4588,0.0,0.182,0.818
@CNN,Sun Jan 07 03:08:15 +0000 2018,Conch Girl 55 ??,RT @perfectsliders: .@CNN poll: 61% of women think Trump should resign because of sexual harassment allegations against him; 39% of men thi…,-0.7096,0.0,0.228,0.772
@CNN,Sun Jan 07 03:08:15 +0000 2018,Quigley,"@CNN @TomSteyer 
Doesn't that make him one of the rich people that democrats want to redistribute his wealth?
Pay California's welfare bill",0.7717,0.295,0.051,0.655
@CNN,Sun Jan 07 03:08:15 +0000 2018,Steven Vazquez,RT @CNN: This is what subzero temperature looks like https://t.co/BT8H3eMVq8 https://t.co/F0Mm0KY4DN,0.3612,0.2,0.0,0.8
@CNN,Sun Jan 07 03:08:15 +0000 2018,Ashin Lay,RT @jaykob_seiler: @sorexist @Mickorua1 @DrWrunakas @monk_asian @Terrorism_Newz @CNN @cnnbrk @cnni @ChannelNewsAsia @ABC @ABCNetwork @abcne…,0.0,0.0,0.0,1.0
@CNN,Sun Jan 07 03:08:14 +0000 2018,Trish Lee,"RT @CNN: Democratic mega-donor and billionaire environmentalist Tom Steyer has purchased a copy of ""Fire and Fury"" for every member of Cong…",-0.7269,0.0,0.243,0.757
@CNN,Sun Jan 07 03:08:14 +0000 2018,Darryl Drumgold,@sp1r1tharambe @JonathanStrouse @CNN No he did the right thing. America first ??????????,-0.296,0.0,0.167,0.833
@CNN,Sun Jan 07 03:08:13 +0000 2018,Casey Ringer,RT @CNN: This is what subzero temperature looks like https://t.co/BT8H3eMVq8 https://t.co/F0Mm0KY4DN,0.3612,0.2,0.0,0.8
@CNN,Sun Jan 07 03:08:13 +0000 2018,rhonda west,@PytFRMakronoh10 @CNN That's extreme... Hitler was not a genius and obviously not stable. Dumb comparison.,0.2057,0.163,0.114,0.723
@CNN,Sun Jan 07 03:08:12 +0000 2018,?Saints??,@CNN Fire and Furry has more credible sources than CNN! They are also all anonymous but better!,0.5767,0.21,0.08,0.71
@CNN,Sun Jan 07 03:08:12 +0000 2018,risapulver,Wouldn’t it be nice if the media focused on real world problems and the very smart commentators focused their effor… https://t.co/p1U4RXo8Gt,0.807,0.37,0.091,0.539
@CNN,Sun Jan 07 03:08:12 +0000 2018,worthyjoe ??,@brianstelter @CNN She passed out on her feet during the election.,0.0,0.0,0.0,1.0
@CNN,Sun Jan 07 03:08:12 +0000 2018,Mizz Dub,"RT @CNN: Democratic mega-donor and billionaire environmentalist Tom Steyer has purchased a copy of ""Fire and Fury"" for every member of Cong…",-0.7269,0.0,0.243,0.757
@CNN,Sun Jan 07 03:08:12 +0000 2018,Ashin Lay,RT @jaykob_seiler: @Mickorua1 @sorexist @DrWrunakas @monk_asian @Terrorism_Newz @CNN @cnnbrk @cnni @ChannelNewsAsia @ABC @ABCNetwork @abcne…,0.0,0.0,0.0,1.0
@CNN,Sun Jan 07 03:08:12 +0000 2018,uche,RT @CNN: This is what subzero temperature looks like https://t.co/BT8H3eMVq8 https://t.co/F0Mm0KY4DN,0.3612,0.2,0.0,0.8
@CNN,Sun Jan 07 03:08:11 +0000 2018,Bobby McKellar,@NJYankeeGrl @LovesStangs2 @UsefulRuins @ComnSnseisRare @stevenjdaviesuk @CNN I’ve never had to shoot a home invade… https://t.co/AUtRizIheL,0.2584,0.135,0.0,0.865
@CNN,Sun Jan 07 03:08:11 +0000 2018,Fox News Fan,"#Gutfeld 
@CNN's resident HALL MONITOR @brianstelter 
(Brian ran to twitter to tattle on POTUS) 

CNN is no longer… https://t.co/98c6TP60Ey",-0.296,0.0,0.109,0.891
@CNN,Sun Jan 07 03:08:10 +0000 2018,Cie,RT @truth_american: @greggutfeld @GreggJarrett @IngrahamAngle @jaketapper @donlemon @trickxie @CNN https://t.co/1KYA32MyXn,0.0,0.0,0.0,1.0
@CNN,Sun Jan 07 03:08:09 +0000 2018,Luis,RT @CNN: This is what subzero temperature looks like https://t.co/BT8H3eMVq8 https://t.co/F0Mm0KY4DN,0.3612,0.2,0.0,0.8
@CNN,Sun Jan 07 03:08:09 +0000 2018,Christian,@CNN It's not global warming. weather comes and goes in Trends. just like winning streaks and losing streaks. there… https://t.co/50JR3MDnT8,0.4322,0.227,0.156,0.617
@CNN,Sun Jan 07 03:08:08 +0000 2018,DEAKIN FLOYD,RT @CNN: This is what subzero temperature looks like https://t.co/BT8H3eMVq8 https://t.co/F0Mm0KY4DN,0.3612,0.2,0.0,0.8
@CNN,Sun Jan 07 03:08:08 +0000 2018,Troy Field,@CNN Does @FoxNews know this? Will @foxandfriends tell @realDonaldTrump? Will the @PressSec Sanders complain about… https://t.co/e34DaJGQV8,-0.4329,0.0,0.16,0.84
@CNN,Sun Jan 07 03:08:08 +0000 2018,Tanita Saenkhum,RT @CNN: This is what subzero temperature looks like https://t.co/BT8H3eMVq8 https://t.co/F0Mm0KY4DN,0.3612,0.2,0.0,0.8
@CNN,Sun Jan 07 03:08:08 +0000 2018,jules,RT @CNN: This is what subzero temperature looks like https://t.co/BT8H3eMVq8 https://t.co/F0Mm0KY4DN,0.3612,0.2,0.0,0.8
@CNN,Sun Jan 07 03:08:07 +0000 2018,Candy Clark,"RT @CNN: Democratic mega-donor and billionaire environmentalist Tom Steyer has purchased a copy of ""Fire and Fury"" for every member of Cong…",-0.7269,0.0,0.243,0.757
@CNN,Sun Jan 07 03:08:06 +0000 2018,Loren Due,"RT @CNN: Former White House chief strategist Steve Bannon was going to attack ""Fire and Fury"" author Michael Wolff over quotes attributed t…",-0.8481,0.0,0.315,0.685
@CNN,Sun Jan 07 03:08:06 +0000 2018,Robert Fisher,RT @RedPillBlack: Can you imagine if @realDonaldTrump offered hot sauce to black people as an incentive to vote for him? @CNN would have a…,0.3612,0.098,0.0,0.902
@Fox,Sun Jan 07 03:05:47 +0000 2018,ReneeforTrump,@bitchypolitics @boominator64 @FoxNews @cjtfarrell @fox That trillion will net a return of an estimated 4 Trillion.… https://t.co/Cg2L0zNgF7,0.0,0.0,0.0,1.0
@Fox,Sun Jan 07 03:01:07 +0000 2018,answerback,"@Fox @WSJ #WOLFFHATCHETJOB intended from beginning.  Someone needs
to investigate his connections to #clinton… https://t.co/QW084bILmv",0.0,0.0,0.0,1.0
@Fox,Sun Jan 07 02:58:14 +0000 2018,Bigpoliticalbitch,@Deplorablerenee @boominator64 @FoxNews @cjtfarrell @fox And you think it is false because you see a tiny bump on y… https://t.co/XjKKRE3grn,0.0,0.0,0.0,1.0
@Fox,Sun Jan 07 02:56:53 +0000 2018,Bigpoliticalbitch,@Deplorablerenee @boominator64 @FoxNews @cjtfarrell @fox Like Michelle’s sleeveless dress??,0.3612,0.238,0.0,0.762
@Fox,Sun Jan 07 02:43:43 +0000 2018,Andrés,GOOOL Y DOOOOOOOBLETEEE DE CASTILLOOOOO. Los @PumasMX lo pasan a ganar por 3-2 frente a @Tuzos y lo estás viendo por @fox,0.0,0.0,0.0,1.0
@Fox,Sun Jan 07 02:42:31 +0000 2018,Linda Fuller,RT @MadBarbi: @JudgeJeanine oh.. and @dbongino is right... @fox should cut the liberal guest ... they are turning our stomach upside down...,-0.2732,0.0,0.091,0.909
@Fox,Sun Jan 07 02:40:27 +0000 2018,One ? One ?,@Endnearing @fox ???????,0.0,0.0,0.0,1.0
@Fox,Sun Jan 07 02:40:24 +0000 2018,MAGA 2018,@JudgeJeanine oh.. and @dbongino is right... @fox should cut the liberal guest ... they are turning our stomach upside down...,-0.2732,0.0,0.1,0.9
@Fox,Sun Jan 07 02:40:04 +0000 2018,Justice is Near!,@TR_UK_GIRL @fox  https://t.co/HXLw48UHrk,0.0,0.0,0.0,1.0
@Fox,Sun Jan 07 02:30:31 +0000 2018,One ? One ?,1) Who is this? 2) Presidents should be presidential 3) Seems neither were raised with any manners 4) If this is th… https://t.co/sD21NSVZ8d,0.0,0.0,0.0,1.0
@Fox,Sun Jan 07 02:27:07 +0000 2018,???,"@fox

??...??????????????...??????????????????????

#r18?????????rt?????????r18???????????
#R18???????????? 
??????… https://t.co/1l1TfnxvMO",0.0,0.0,0.0,1.0
@Fox,Sun Jan 07 02:15:58 +0000 2018,Sir Sniff'er-Fritz,@Loydinske2 @FoxNews @fox All news outlets have agendas. Sides are picked by the money that runs them. Don't be a sheep in the herd.,0.0,0.0,0.0,1.0
@Fox,Sun Jan 07 02:12:24 +0000 2018,Erik Donjuan,@FOXSportsMX el marcador fue Atlas 1-2 Leon @fox https://t.co/Aw6MRysKo3,0.0,0.0,0.0,1.0
@Fox,Sun Jan 07 02:05:27 +0000 2018,dani,@fox the four sucks,-0.3612,0.0,0.455,0.545
@Fox,Sun Jan 07 01:55:58 +0000 2018,mustafa ?ahin,"#KitlerSoruyorHükümetKaciyor #KitlerSoruyorHükümetKaç?yor
@RT_Erdogan 
@tcbestepe 
@ikalin1
@TC_Basbakan… https://t.co/71S2uB60ZI",0.0,0.0,0.0,1.0
@Fox,Sun Jan 07 01:33:23 +0000 2018,ReneeforTrump,@bitchypolitics @boominator64 @FoxNews @cjtfarrell @fox You realize that even International News is biased due to N… https://t.co/MMWb2qEKqi,-0.2732,0.0,0.116,0.884
@Fox,Sun Jan 07 01:31:35 +0000 2018,Maria Papathanasiou,"@kurteichenwald 
Bwahahaha @kurteichewald3 Thank you @fox. That was hilarious. Not a very smart man. IQ of. Hmmm  A… https://t.co/5kwBzbXdX7",0.8016,0.353,0.0,0.647
@Fox,Sun Jan 07 01:27:58 +0000 2018,ReneeforTrump,@bitchypolitics @boominator64 @FoxNews @cjtfarrell @fox This is why people are so uninformed.  They see Pelosi call… https://t.co/nzSG8OBsSi,0.0,0.0,0.0,1.0
@Fox,Sun Jan 07 01:27:55 +0000 2018,Bigpoliticalbitch,"@Deplorablerenee @boominator64 @FoxNews @cjtfarrell @fox They do not provide negative when there is negative, they… https://t.co/7DknayABht",0.7181,0.3,0.0,0.7
@Fox,Sun Jan 07 01:24:27 +0000 2018,ReneeforTrump,"@bitchypolitics @boominator64 @FoxNews @cjtfarrell @fox Fox leans right -- no doubt. They do however, report negati… https://t.co/gL4uSTMUSK",-0.5719,0.0,0.239,0.761
@Fox,Sun Jan 07 01:20:38 +0000 2018,sammyb,@TheRealJuIian @FactsnOpinion1 @ChelseaClinton @USEmbassyHaiti The people of Haiti HATE the Clintons and their crim… https://t.co/LRITr4qIp8,-0.6633,0.0,0.24,0.76
@Fox,Sun Jan 07 01:20:18 +0000 2018,Mike Sharp,@fox Nice! That helical cymbal is interesting!,0.7256,0.549,0.0,0.451
@Fox,Sun Jan 07 01:06:29 +0000 2018,ResistGlobalism #MAGA,"WTH...Harf on Watters, sorry Jesse if you and @FOX are that hardup you think you need her I'm signing off.",-0.0772,0.0,0.064,0.936
@Fox,Sun Jan 07 00:39:50 +0000 2018,JQ,The race truck is finally running again.  It has a brand new Q Racing designed &amp; built center-mounted front suspens… https://t.co/OwSn2iHYz1,0.0,0.0,0.0,1.0
@Fox,Sun Jan 07 00:14:11 +0000 2018,Glenn Ostrosky,"@nytimes The #WaronDrugs” doctrine is largely credited to President Richard Nixon, who created the Drug Enforcement… https://t.co/gm5RrPYbYp",0.5423,0.231,0.0,0.769
@Fox,Sun Jan 07 00:08:25 +0000 2018,Teressa Wells,"RT @whitekittytx: @wikileaks @CNNPolitics @HillaryClinton @fox @realDonaldTrump  @seanhannity @LouDobbs Hillary's next indictment, Will be…",0.0,0.0,0.0,1.0
@Fox,Sat Jan 06 23:45:13 +0000 2018,christian chinedu em,How can the world keep quiet while fulani herdsmen terrorists are doing to the people while the world leaders buhar… https://t.co/O2nfxzroM8,-0.6249,0.0,0.17,0.83
@Fox,Sat Jan 06 23:30:33 +0000 2018,Mark A Parsons,@theinquisitr @fox #SHITSHOW,0.0,0.0,0.0,1.0
@Fox,Sat Jan 06 23:24:44 +0000 2018,DiscipleOfTheWatch,@GregCamp11 @alllibertynews @TheWoodman2 @jackbriant @Caro7Joe54 @LeonWhi63670221 @FR81771958 @dee_white @Olleccu… https://t.co/jTIhmyZyv0,0.0,0.0,0.0,1.0
@Fox,Sat Jan 06 23:07:44 +0000 2018,Ahmet,"RT @Mkaraguven79: #KitlerSoruyorHükümetKaç?yor kitler kadro istiyor.
@TC_Basbakan
@jsarieroglu
@veliagbaba
@oguz_tor
@fox
@startv",0.0,0.0,0.0,1.0
@Fox,Sat Jan 06 22:45:06 +0000 2018,"Emily G, Cville.",@fox omg,0.0,0.0,0.0,1.0
@Fox,Sat Jan 06 22:24:22 +0000 2018,karolina szczur,"RT @anubhamane: Followong the tips given by @fox , this time I didn't copy but myself wrote code of conduct for an upcoming Python event. T…",0.0,0.0,0.0,1.0
@Fox,Sat Jan 06 22:24:14 +0000 2018,Erdem Cihan,"RT @Mkaraguven79: #KitlerSoruyorHükümetKaç?yor kitler kadro istiyor.
@TC_Basbakan
@jsarieroglu
@veliagbaba
@oguz_tor
@fox
@startv",0.0,0.0,0.0,1.0
@Fox,Sat Jan 06 22:13:32 +0000 2018,Tu?rul,"RT @Mkaraguven79: #KitlerSoruyorHükümetKaç?yor kitler kadro istiyor.
@TC_Basbakan
@jsarieroglu
@veliagbaba
@oguz_tor
@fox
@startv",0.0,0.0,0.0,1.0
@Fox,Sat Jan 06 21:54:09 +0000 2018,fesih ya?li,"RT @Mkaraguven79: #KitlerSoruyorHükümetKaç?yor kitler kadro istiyor.
@TC_Basbakan
@jsarieroglu
@veliagbaba
@oguz_tor
@fox
@startv",0.0,0.0,0.0,1.0
@Fox,Sat Jan 06 21:53:28 +0000 2018,Y?lmaz ata,"RT @Mkaraguven79: #KitlerSoruyorHükümetKaç?yor kitler kadro istiyor.
@TC_Basbakan
@jsarieroglu
@veliagbaba
@oguz_tor
@fox
@startv",0.0,0.0,0.0,1.0
@Fox,Sat Jan 06 21:47:37 +0000 2018,fatih ileri,"RT @Mkaraguven79: #KitlerSoruyorHükümetKaç?yor kitler kadro istiyor.
@TC_Basbakan
@jsarieroglu
@veliagbaba
@oguz_tor
@fox
@startv",0.0,0.0,0.0,1.0
@Fox,Sat Jan 06 21:38:20 +0000 2018,Tulsi-Nina-Bernie,@brianstelter @CNN @MSNBC @fox Innuendo that half of the US population that voted 4 Trump r racists is divisive &amp; w… https://t.co/KWv1pofAeB,-0.5423,0.0,0.156,0.844
@Fox,Sat Jan 06 21:38:17 +0000 2018,Marilyn Alicia,"RT @fox: Finally @jack confirms that “world leaders” can freely incite violence, harass and abuse on Twitter because no rules apply to them…",-0.8957,0.084,0.396,0.52
@Fox,Sat Jan 06 21:35:54 +0000 2018,Tulsi-Nina-Bernie,"@brianstelter @CNN @MSNBC @fox Please treat viewers as if they can feed themselves,tie their shoes. Don't keep hamm… https://t.co/8hPSilns6u",0.6124,0.227,0.0,0.773
@Fox,Sat Jan 06 21:34:33 +0000 2018,Tulsi-Nina-Bernie,@brianstelter @CNN @MSNBC @fox MSNBC &amp; CNN still collude with the DNC/Democratic party. How long did u go on and on… https://t.co/JkueH82Tx9,0.4019,0.119,0.0,0.881
@Fox,Sat Jan 06 21:33:22 +0000 2018,Tulsi-Nina-Bernie,@brianstelter @CNN @MSNBC @fox Let's talk about omission. MSM doesn't cover international news. That is a red flag… https://t.co/eN6uxf7uop,0.0,0.0,0.0,1.0
@Fox,Sat Jan 06 21:32:20 +0000 2018,Haydar ali,"RT @Mkaraguven79: #KitlerSoruyorHükümetKaç?yor kitler kadro istiyor.
@TC_Basbakan
@jsarieroglu
@veliagbaba
@oguz_tor
@fox
@startv",0.0,0.0,0.0,1.0
@Fox,Sat Jan 06 21:32:10 +0000 2018,Tulsi-Nina-Bernie,@brianstelter @CNN @MSNBC @fox Implication all Trump supporters are racist. Implication like Bernie is from an all-… https://t.co/FQhB6RO9PQ,0.1027,0.221,0.164,0.615
@Fox,Sat Jan 06 21:30:42 +0000 2018,Tulsi-Nina-Bernie,@brianstelter @CNN @MSNBC @fox All 3 networks mostly opinion. I don't support Trump but I've caught MSM deliberatel… https://t.co/EqMwdEL0bS,-0.1603,0.0,0.092,0.908
@Fox,Sat Jan 06 21:30:42 +0000 2018,truthseeker6767,RT @MyriamWinner: @DonaldJTrumpJr @truthseeker6761 @realDonaldTrump @POTUS .@POTUS .@realDonaldTrump .@VP .@CNN .@FOX .@TelemundoLV .@Donal…,0.0,0.0,0.0,1.0
@Fox,Sat Jan 06 21:29:06 +0000 2018,Tulsi-Nina-Bernie,"@brianstelter So where do we find reliable sources? At @cnn @msnbc @fox. Hardly. So sick of the spin,twist,omission… https://t.co/HjkYNkmiMH",-0.513,0.0,0.156,0.844
@Fox,Sat Jan 06 21:29:04 +0000 2018,Kadrozede,"RT @Mkaraguven79: #KitlerSoruyorHükümetKaç?yor kitler kadro istiyor.
@TC_Basbakan
@jsarieroglu
@veliagbaba
@oguz_tor
@fox
@startv",0.0,0.0,0.0,1.0
@Fox,Sat Jan 06 21:27:38 +0000 2018,Mustafa,"#KitlerSoruyorHükümetKaç?yor kitler kadro istiyor.
@TC_Basbakan
@jsarieroglu
@veliagbaba
@oguz_tor
@fox
@startv",0.0,0.0,0.0,1.0
@Fox,Sat Jan 06 21:21:49 +0000 2018,Yann PETIT,@fox Why not just organize free for attendees conferences :),0.0767,0.219,0.197,0.584
@Fox,Sat Jan 06 21:11:59 +0000 2018,mustafa köksal,"#KitlerSoruyorHükümetKaç?yor suçlu     oldu?unuzu biliyorsunuz ve kaç?yorsunuz. @RT_Erdogan 
@tcbestepe 
@ikalin1… https://t.co/afDTKKRtjT",0.0,0.0,0.0,1.0
@Fox,Sat Jan 06 21:11:52 +0000 2018,mustafa köksal,"#KitlerSoruyorHükümetKaç?yor suçlu oldu?unuzu biliyorsunuz ve kaç?yorsunuz. @RT_Erdogan 
@tcbestepe 
@ikalin1… https://t.co/3y016GCOxC",0.0,0.0,0.0,1.0
@Fox,Sat Jan 06 21:11:25 +0000 2018,mustafa köksal,"#KitlerSoruyorHükümetKaç?yor   suçlu oldu?unuzu biliyorsunuz ve kaç?yorsunuz. @RT_Erdogan 
@tcbestepe 
@ikalin1… https://t.co/rL683sMkti",0.0,0.0,0.0,1.0
@Fox,Sat Jan 06 21:11:20 +0000 2018,mustafa köksal,"#KitlerSoruyorHükümetKaç?yor suçlu oldu?unuzu biliyorsunuz ve kaç?yorsunuz. @RT_Erdogan 
@tcbestepe 
@ikalin1… https://t.co/TGGh0JW51x",0.0,0.0,0.0,1.0
@Fox,Sat Jan 06 21:09:31 +0000 2018,mustafa köksal,"#KitlerSoruyorHükümetKaç?yor kitler kadro istiyor.    @RT_Erdogan 
@tcbestepe 
@ikalin1
@TC_Basbakan
@jsarieroglu… https://t.co/X2enXxeM9G",0.0,0.0,0.0,1.0
@Fox,Sat Jan 06 21:09:25 +0000 2018,mustafa köksal,"#KitlerSoruyorHükümetKaç?yor kitler kadro istiyor. @RT_Erdogan 
@tcbestepe 
@ikalin1
@TC_Basbakan
@jsarieroglu… https://t.co/O2vs43ttVo",0.0,0.0,0.0,1.0
@Fox,Sat Jan 06 21:09:07 +0000 2018,mustafa köksal,"#KitlerSoruyorHükümetKaç?yor kitler hakk?n? istiyor. söz verdiniz sözünüzü tutun @RT_Erdogan 
@tcbestepe 
@ikalin1… https://t.co/7px3A7hC0Q",0.0,0.0,0.0,1.0
@Fox,Sat Jan 06 21:08:34 +0000 2018,mustafa köksal,"#KitlerSoruyorHükümetKaç?yor kaçmay?n bizden biz sizi oraya gönderen asilleriz. @RT_Erdogan 
@tcbestepe 
@ikalin1… https://t.co/TRFIPtseQn",0.0,0.0,0.0,1.0
@Fox,Sat Jan 06 21:07:35 +0000 2018,Mehmet Isiker,"A#KitlerSoruyorHükümetKaç?yor
@RT_Erdogan 
@tcbestepe 
@ikalin1
@TC_Basbakan
@jsarieroglu
@kilicdarogluk… https://t.co/P6K65VXk7A",0.0,0.0,0.0,1.0
@Fox,Sat Jan 06 21:06:37 +0000 2018,Mehmet Isiker,"#KitlerSoruyorHükümetKaç?yor#KitlerSoruyorHükümetKaç?yor
@RT_Erdogan 
@tcbestepe 
@ikalin1
@TC_Basbakan… https://t.co/ZqIqrlPpLr",0.0,0.0,0.0,1.0
@Fox,Sat Jan 06 21:05:56 +0000 2018,Mehmet Isiker,"#KitlerSoruyorHükümetKaç?yor
@RT_Erdogan 
@tcbestepe 
@ikalin1
@TC_Basbakan
@jsarieroglu
@kilicdarogluk
@veliagbaba… https://t.co/6axdPwT2X0",0.0,0.0,0.0,1.0
@Fox,Sat Jan 06 21:05:24 +0000 2018,Mehmet Isiker,"#KitlerSoruyorHükümetKaç?yor
@RT_Erdogan 
@tcbestepe 
@ikalin1
@TC_Basbakan
@jsarieroglu
@kilicdarogluk
@veliagbaba… https://t.co/A0ZwulavDp",0.0,0.0,0.0,1.0
@Fox,Sat Jan 06 21:03:34 +0000 2018,David,"Boom! Hugely important! Save this! Complete timeline of the whole ""Russian hacking"" hoax! @Jim_Jordan @JudgeTedPoe… https://t.co/fd26XAsxJr",0.6848,0.309,0.096,0.595
@Fox,Sat Jan 06 21:00:00 +0000 2018,N. Overend,"@CrusadeTrump @LinRoseResists Have you been watching @FOX, because news flash, that is not ' news'? Please, for the… https://t.co/PlpXJHxDaI",-0.2411,0.0,0.103,0.897
@Fox,Sat Jan 06 20:30:13 +0000 2018,NameUnknown,@fox ... but .... but ... I thought this was real https://t.co/pTm2MMLJDz,0.0,0.0,0.0,1.0
@Fox,Sat Jan 06 20:27:43 +0000 2018,NameUnknown,"@fox Let me first pull my head outta my ass,  Tramp screamed. Now ya know, I see everything like clear. Yuge. Clear… https://t.co/bQNFJ2xPg7",-0.1779,0.176,0.201,0.623
@Fox,Sat Jan 06 19:53:40 +0000 2018,MyriamWitcherMAGA,@POTUS @CNN @fox @Univision @Telemundo .@omarbula,0.0,0.0,0.0,1.0
@Fox,Sat Jan 06 19:53:27 +0000 2018,MyriamWitcherMAGA,RT @MyriamWinner: .@POTUS .@CNN .@FOX .@Univision .@Telemundo WATCH: Former Senior DEA Official Drops ‘Very Strange’ Truth About Obama Admi…,0.3182,0.113,0.0,0.887
@Fox,Sat Jan 06 19:51:00 +0000 2018,Recep Balka,@FikretTektetik @ismaild05099390 @RT_Erdogan @tcbestepe @ikalin1 @TC_Basbakan @jsarieroglu @kilicdarogluk… https://t.co/16WukX54DM,0.0,0.0,0.0,1.0
@Fox,Sat Jan 06 19:48:12 +0000 2018,?smail Özten,"D?K DURUYORUZ AMA D?KLENM?YORUZ RE?S
ÇÜNKÜ B?Z HAKL?Y?Z
#KitlerSoruyorHükümetKaç?yor
@RT_Erdogan 
@tcbestepe… https://t.co/dG0hJNL08G",0.0,0.0,0.0,1.0
@Fox,Sat Jan 06 19:45:36 +0000 2018,American Patriot ??,@jafreder3 @kenneandj @TrefaultPaulina @thehill @YouTube @seanhannity @fox Buh bye!,0.0,0.0,0.0,1.0
@Fox,Sat Jan 06 19:41:46 +0000 2018,Garden Party,@karue86 @Debranorville2 @LenaHM1 @EdKrassen Are you a fly on my wall....telling me what I listen to is my business… https://t.co/W4bHwUbvId,0.0,0.0,0.0,1.0
@Fox,Sat Jan 06 19:34:24 +0000 2018,Duygu ?,?tt #TolgShow ba?lad?.  @tolgshowresmi @fox,0.0,0.0,0.0,1.0
@Fox,Sat Jan 06 19:31:10 +0000 2018,ismail,"#KitlerSoruyorHükümetKaç?yor
P?YANGO BALE KADAR PTT VE K?T LER HAK ETM?YOR MU?YAZIK DEM?… https://t.co/QOcHHGlete",0.5622,0.232,0.0,0.768
@Fox,Sat Jan 06 19:29:53 +0000 2018,aorcunaktas,"#DevletinYüküKitlerdeBizler siz ta?eron olarak bir gün çal???nda görelim
@RT_Erdogan 
@tcbestepe 
@ikalin1… https://t.co/3ej6Q9OjAy",0.0,0.0,0.0,1.0
@Fox,Sat Jan 06 19:29:50 +0000 2018,ADALET ÖLMÜ? ??,"B?ZE ??MD? KADROMU VERECEKS?N?Z
AYRI B?R STATÜMÜ DÜ?ÜNÜYORSUNUZ ?
#KitlerSoruyorHükümetKaç?yor
@RT_Erdogan… https://t.co/BqzHBU7ZDv",0.0,0.0,0.0,1.0
@Fox,Sat Jan 06 19:28:45 +0000 2018,ismail,"#KitlerSoruyorHükümetKaç?yor
D?K DURUYORUZ AMA D?KLENM?YORUZ RE?S
ÇÜNKÜ B?Z HAKL?Y?Z PTT… https://t.co/NWzM1fJX5D",0.0,0.0,0.0,1.0
@Fox,Sat Jan 06 19:27:41 +0000 2018,drewski429,"@Sheilas11 @jasoninthehouse @fox Mid-day Fox is crap, switch to One America News Network... @OANN #OANN",-0.3818,0.0,0.157,0.843
@Fox,Sat Jan 06 19:27:30 +0000 2018,ADALET ÖLMÜ? ??,"KADRO ALINCA
ZEK? MÜREN B?Z? GÖRECEK M? ?
#KitlerSoruyorHükümetKaç?yor
@RT_Erdogan 
@tcbestepe 
@ikalin1… https://t.co/6kSwUaO6H3",0.0,0.0,0.0,1.0
@Fox,Sat Jan 06 19:27:05 +0000 2018,ismail,"KEND?N?Z ETT?N?Z KEND?N?Z BULACAKSINIZ G?B?
3 5 BÜROKRATIN LAFIYLA 50 B?N A?LE HARCANMAZ PTT… https://t.co/oa0tKeACkc",0.0,0.0,0.0,1.0
@Fox,Sat Jan 06 19:26:40 +0000 2018,--,@Mirian_Mcs @VickieLParks @RollBro @ShlomoIndiana @WaydeDe @TracySwavely @_edwardmondini_ @ntvnyr173 @naniof_two… https://t.co/xFgoFiFNyJ,0.0,0.0,0.0,1.0
@Fox,Sat Jan 06 19:24:00 +0000 2018,ADALET ÖLMÜ? ??,"?  HAKLIYIZ RE?S
ALLAH'IN ?ZN?YLE KAZANACA?IZ ?
#KitlerSoruyorHükümetKaç?yor
@RT_Erdogan 
@tcbestepe 
@ikalin1… https://t.co/pRDtqBEgwj",0.0,0.0,0.0,1.0
@Fox,Sat Jan 06 19:23:52 +0000 2018,ismail,"NEREYE KADAR SUSTURACAKSINIZ
EFEND?LER
DAVASI DO?RU OLAN SUSMAZ PTT
#KitlerSoruyorHükümetKaç?yor
@RT_Erdogan… https://t.co/0y39Kj4ruP",0.0,0.0,0.0,1.0
@Fox,Sat Jan 06 19:21:34 +0000 2018,ADALET ÖLMÜ? ??,"@AhmetGon2 @jsarieroglu @RT_Erdogan @TC_Basbakan @aefakibaba #KitlerSoruyorHükümetKaç?yor
@RT_Erdogan 
@tcbestepe… https://t.co/4xvFZ2PkxU",0.0,0.0,0.0,1.0
@Fox,Sat Jan 06 19:20:12 +0000 2018,ADALET ÖLMÜ? ??,"?  ?MKANSIZI DE??L
SÖZ VERD???N?Z ?EY? ?ST?YORUZ ?
#KitlerSoruyorHükümetKaç?yor
@RT_Erdogan 
@tcbestepe 
@ikalin1… https://t.co/gbPTA6FYeC",0.0,0.0,0.0,1.0
@Fox,Sat Jan 06 19:19:45 +0000 2018,MyriamWitcherMAGA,.@POTUS .@CNN .@FOX .@Univision .@Telemundo WATCH: Former Senior DEA Official Drops ‘Very Strange’ Truth About Obam… https://t.co/0IQ9OlMbUB,0.3182,0.126,0.0,0.874
@Fox,Sat Jan 06 19:18:26 +0000 2018,Loydinske,@FoxNews Need to fire all the hyprocrits @fox news is un American and fake,-0.6705,0.0,0.314,0.686
@Fox,Sat Jan 06 19:17:33 +0000 2018,ADALET ÖLMÜ? ??,"MV. LER?N?N ARASINDAN BAKAN SEÇERKEN B?LE SEÇ?LMEYEN KÜSÜYOR RE?S
B?Z NE YAPALIM ?
#KitlerSoruyorHükümetKaç?yor… https://t.co/OW8heQJ2fb",0.0,0.0,0.0,1.0
@Fox,Sat Jan 06 19:11:20 +0000 2018,ADALET ÖLMÜ? ??,"HERKES YANLI? D?YOR
S?Z DO?RU D?YOSUNUZ
AMA B?Z HAKLIYIZ KAZANACA?IZ
#KitlerSoruyorHükümetKaç?yor
@RT_Erdogan… https://t.co/1OZhEoczNd",0.0,0.0,0.0,1.0
@Fox,Sat Jan 06 19:09:33 +0000 2018,ADALET ÖLMÜ? ??,"@ankara_kusu Valla bizde güçsüzüz ama bakan yok
#KitlerSoruyorHükümetKaç?yor
@RT_Erdogan 
@tcbestepe 
@ikalin1… https://t.co/5WB1dMlMSk",0.0,0.0,0.0,1.0
@Fox,Sat Jan 06 19:08:57 +0000 2018,ADALET ÖLMÜ? ??,"@ankara_kusu #KitlerSoruyorHükümetKaç?yor
@RT_Erdogan 
@tcbestepe 
@ikalin1
@TC_Basbakan
@jsarieroglu… https://t.co/y4HUENmJJq",0.0,0.0,0.0,1.0
@Fox,Sat Jan 06 18:59:20 +0000 2018,IFONLYIFTHEN,"@davidfrum @GOP @FOX Even, if while in Office, HRC/WJC had sold their offspring into slavery-it would not change, o… https://t.co/641hdhuEPK",0.0,0.0,0.0,1.0
@Fox,Sat Jan 06 18:54:07 +0000 2018,Dick N. Cider,@dom_a1 @RealJL33 @realDonaldTrump @CNN @ABC @nbc @CBS @fox if you don't understand what he said then you're part o… https://t.co/SZDBoieBfU,0.0,0.0,0.0,1.0
@Fox,Sat Jan 06 18:52:52 +0000 2018,Özen YAMAN,"D?K DURUYORUZ AMA D?KLENM?YORUZ RE?S
ÇÜNKÜ B?Z HAKL?Y?Z
#KitlerSoruyorHükümetKaç?yor
@RT_Erdogan 
@tcbestepe… https://t.co/jB2A2xSqvu",0.0,0.0,0.0,1.0
@Fox,Sat Jan 06 18:49:57 +0000 2018,Özen YAMAN,"HAKLI DAVASINDAN DÖNERM?
BUNU B?ZE SEN ÖGRETT?N RE?S
#KitlerSoruyorHükümetKaç?yor
@RT_Erdogan 
@tcbestepe 
@ikalin1… https://t.co/tDoErq2FHq",0.0,0.0,0.0,1.0
@Fox,Sat Jan 06 18:41:57 +0000 2018,Hubert Rowland,@ultra4racing #hammertime prep @superatv_com @fox @wideopendesign @polarisrzr @assaultutv @sedonatires... https://t.co/SOGYoO0R51,0.0,0.0,0.0,1.0
@Fox,Sat Jan 06 18:37:18 +0000 2018,Aunt,@bitchypolitics @boominator64 @FoxNews @cjtfarrell @fox Open your eyes and follow the money and evidence,0.0,0.0,0.0,1.0
@Fox,Sat Jan 06 18:36:45 +0000 2018,MIRZA EYMEN,Ey mehmet ?im?ek bunlar?n bütün sorumlusu sensin bu i?leri buraya getiren sen oldun Rahat misin @TC_Basbakan… https://t.co/9VkeAH7kv8,0.0,0.0,0.0,1.0
@Fox,Sat Jan 06 18:36:02 +0000 2018,Tammy ????,"@MarkWil80097714 @Deborah60968398 @fox 'Youre"" and what are you talking about sounds like word salad to me.",0.3612,0.143,0.0,0.857
@Fox,Sat Jan 06 18:36:01 +0000 2018,Aunt,"@bitchypolitics @The_Smirker @FoxNews @cjtfarrell @fox Meanwhile, there's no evidence POTUS did anything! It's all… https://t.co/Q296NeL9pK",-0.3595,0.0,0.151,0.849
@NewYorkTimes,Sun Jan 07 01:06:02 +0000 2018,Alejandro Medina,@Almagro_OEA2015 @OEA_oficial @hrw_espanol @JMVivancoHRW @amnesty @AmnistiaOnline @Pontifex_es @EP_President… https://t.co/MFKIfsKOUT,0.0,0.0,0.0,1.0
@NewYorkTimes,Sun Jan 07 01:04:52 +0000 2018,Alejandro Medina,@Almagro_OEA2015 @OEA_oficial @hrw_espanol @JMVivancoHRW @amnesty @AmnistiaOnline @Pontifex_es @EP_President… https://t.co/ZvFbKoQwa8,0.0,0.0,0.0,1.0
@NewYorkTimes,Sun Jan 07 01:04:03 +0000 2018,Alejandro Medina,@Almagro_OEA2015 @OEA_oficial @hrw_espanol @JMVivancoHRW @amnesty @AmnistiaOnline @Pontifex_es @EP_President… https://t.co/0K4KfwTEqq,0.0,0.0,0.0,1.0
@NewYorkTimes,Sun Jan 07 01:02:01 +0000 2018,Alejandro Medina,@Almagro_OEA2015 @OEA_oficial @hrw_espanol @JMVivancoHRW @amnesty @AmnistiaOnline @Pontifex_es @EP_President… https://t.co/mkUqOrOE9c,0.0,0.0,0.0,1.0
@NewYorkTimes,Sun Jan 07 01:01:11 +0000 2018,Alejandro Medina,@Almagro_OEA2015 @OEA_oficial @hrw_espanol @JMVivancoHRW @amnesty @AmnistiaOnline @Pontifex_es @EP_President… https://t.co/RqG8facJ0V,0.0,0.0,0.0,1.0
@NewYorkTimes,Sun Jan 07 00:53:42 +0000 2018,Alejandro Medina,@Almagro_OEA2015 @OEA_oficial @hrw_espanol @JMVivancoHRW @amnesty @AmnistiaOnline @Pontifex_es @EP_President… https://t.co/YafG0DgCct,0.0,0.0,0.0,1.0
@NewYorkTimes,Sun Jan 07 00:50:44 +0000 2018,Alejandro Medina,@Almagro_OEA2015 @OEA_oficial @hrw_espanol @JMVivancoHRW @amnesty @AmnistiaOnline @Pontifex_es @EP_President… https://t.co/HojWGpZDmz,0.0,0.0,0.0,1.0
@NewYorkTimes,Sun Jan 07 00:48:50 +0000 2018,Alejandro Medina,@Almagro_OEA2015 @OEA_oficial @hrw_espanol @JMVivancoHRW @amnesty @AmnistiaOnline @Pontifex_es @EP_President… https://t.co/DaCnk2CV5U,0.0,0.0,0.0,1.0
@NewYorkTimes,Sun Jan 07 00:46:37 +0000 2018,Alejandro Medina,@Almagro_OEA2015 @OEA_oficial @hrw_espanol @JMVivancoHRW @amnesty @AmnistiaOnline @Pontifex_es @EP_President… https://t.co/CGYryYEig4,0.0,0.0,0.0,1.0
@NewYorkTimes,Sun Jan 07 00:44:31 +0000 2018,Alejandro Medina,@Almagro_OEA2015 @OEA_oficial @hrw_espanol @JMVivancoHRW @amnesty @AmnistiaOnline @Pontifex_es @EP_President… https://t.co/O4675VKYeO,0.0,0.0,0.0,1.0
@NewYorkTimes,Sun Jan 07 00:25:34 +0000 2018,Alejandro Medina,@Almagro_OEA2015 @OEA_oficial @hrw_espanol @JMVivancoHRW @amnesty @AmnistiaOnline @Pontifex_es @EP_President… https://t.co/4rBMOv65AU,0.0,0.0,0.0,1.0
@NewYorkTimes,Sun Jan 07 00:22:40 +0000 2018,Alejandro Medina,@Almagro_OEA2015 @OEA_oficial @hrw_espanol @JMVivancoHRW @amnesty @AmnistiaOnline @Pontifex_es @EP_President… https://t.co/ZmMUONOSym,0.0,0.0,0.0,1.0
@NewYorkTimes,Sun Jan 07 00:20:35 +0000 2018,Alejandro Medina,@DanielBlancoPz @Almagro_OEA2015 @OEA_oficial @hrw_espanol @JMVivancoHRW @amnesty @AmnistiaOnline @Pontifex_es… https://t.co/FNsu3r38n9,0.0,0.0,0.0,1.0
@NewYorkTimes,Sun Jan 07 00:20:04 +0000 2018,Alpacka Raft,"130 Miles, 8 Days, 1 Spellbound Photographer on Kodiak Island: How an epic hiking and packrafting trip on Kodiak Is… https://t.co/IWjJj3Lamp",0.0,0.0,0.0,1.0
@NewYorkTimes,Sat Jan 06 22:07:26 +0000 2018,Zedders???,@Cernovich @ShaunaGee I couldn't even read such rubbish!!  @NewYorkTimes is racist for all their black against whit… https://t.co/eWlpR5UTOS,-0.6792,0.0,0.223,0.777
@NewYorkTimes,Sat Jan 06 14:13:39 +0000 2018,Wendi Williams,Illuminating story about working @newyorktimes from intelligence reporter James Risen. But why published in… https://t.co/GgHZwL40lb,0.4767,0.181,0.0,0.819
@NewYorkTimes,Sat Jan 06 03:37:06 +0000 2018,VC + E = IPO™,RT @KaporCenter: #InCaseYouMissedIt Saudi Money Fuels the Tech Industry. It's Time to Ask Why. via @newyorktimes https://t.co/XhXdgMLBT1,0.0,0.0,0.0,1.0
@NewYorkTimes,Sat Jan 06 01:22:32 +0000 2018,VC+E=IPO Law Group™,RT @KaporCenter: #InCaseYouMissedIt Saudi Money Fuels the Tech Industry. It's Time to Ask Why. via @newyorktimes https://t.co/XhXdgMLBT1,0.0,0.0,0.0,1.0
@NewYorkTimes,Sat Jan 06 01:18:04 +0000 2018,VC+E=IPO Law Group™,RT @KaporCenter: #InCaseYouMissedIt Saudi Money Fuels the Tech Industry. It's Time to Ask Why. via @newyorktimes https://t.co/XhXdgMLBT1,0.0,0.0,0.0,1.0
@NewYorkTimes,Sat Jan 06 01:14:45 +0000 2018,VC+E=IPO Law Group™,RT @KaporCenter: #InCaseYouMissedIt Saudi Money Fuels the Tech Industry. It's Time to Ask Why. via @newyorktimes https://t.co/XhXdgMLBT1,0.0,0.0,0.0,1.0
@NewYorkTimes,Sat Jan 06 01:11:48 +0000 2018,VC+E=IPO Law Group™,RT @KaporCenter: #InCaseYouMissedIt Saudi Money Fuels the Tech Industry. It's Time to Ask Why. via @newyorktimes https://t.co/XhXdgMLBT1,0.0,0.0,0.0,1.0
@NewYorkTimes,Sat Jan 06 00:42:46 +0000 2018,amalia eaton,"@8BitCentral Looks that way, if they don't pay these people it's highly likely that @atari staff may be arrested wh… https://t.co/H6yROz8VWP",-0.4222,0.055,0.133,0.812
@NewYorkTimes,Sat Jan 06 00:07:48 +0000 2018,Alejandro Medina,En Caos? @Almagro_OEA2015 @OEA_oficial @hrw_espanol @JMVivancoHRW @amnesty @AmnistiaOnline @Pontifex_es… https://t.co/peMFP2oQq3,0.0,0.0,0.0,1.0
@NewYorkTimes,Sat Jan 06 00:03:20 +0000 2018,Alejandro Medina,@Almagro_OEA2015 @OEA_oficial @hrw_espanol @JMVivancoHRW @amnesty @AmnistiaOnline @Pontifex_es @EP_President… https://t.co/S6bql94gWk,0.0,0.0,0.0,1.0
@NewYorkTimes,Fri Jan 05 23:59:56 +0000 2018,Alejandro Medina,@Almagro_OEA2015 @OEA_oficial @hrw_espanol @JMVivancoHRW @amnesty @AmnistiaOnline @Pontifex_es @EP_President… https://t.co/8oGJG8zpO3,0.0,0.0,0.0,1.0
@NewYorkTimes,Fri Jan 05 23:55:56 +0000 2018,Alejandro Medina,@Almagro_OEA2015 @OEA_oficial @hrw_espanol @JMVivancoHRW @amnesty @AmnistiaOnline @Pontifex_es @EP_President… https://t.co/5twgdhvooS,0.0,0.0,0.0,1.0
@NewYorkTimes,Fri Jan 05 23:48:59 +0000 2018,Alejandro Medina,@Almagro_OEA2015 @OEA_oficial @hrw_espanol @JMVivancoHRW @amnesty @AmnistiaOnline @Pontifex_es @EP_President… https://t.co/G2XBgQjsPP,0.0,0.0,0.0,1.0
@NewYorkTimes,Fri Jan 05 23:44:57 +0000 2018,Alejandro Medina,@RCTVenlinea @Almagro_OEA2015 @OEA_oficial @hrw_espanol @JMVivancoHRW @amnesty @AmnistiaOnline @Pontifex_es… https://t.co/V4dAlmr9v6,0.0,0.0,0.0,1.0
@NewYorkTimes,Fri Jan 05 23:33:52 +0000 2018,Alejandro Medina,@Almagro_OEA2015 @OEA_oficial @hrw_espanol @JMVivancoHRW @amnesty @Pontifex_es @EP_President @IntlCrimCourt @abc_es… https://t.co/qAvVTmbbCy,0.0,0.0,0.0,1.0
@NewYorkTimes,Fri Jan 05 21:34:26 +0000 2018,tinus jongert,"RT @mpijnappels: ""Vallen verleden tijd"", an effective Dutch fall prevention programme by @maartenskliniek in @newyorktimes https://t.co/8gO…",0.4767,0.171,0.0,0.829
@NewYorkTimes,Fri Jan 05 20:19:24 +0000 2018,Clint Brewer,"@carigervin Yes, coq au vin is perfect for a new dutch oven. The @NewYorkTimes cooking site recipe is fantastic.",0.875,0.4,0.0,0.6
@NewYorkTimes,Fri Jan 05 19:50:51 +0000 2018,WOUB Public Media,"RT @thodson: We, @woub, are listed in the top 17 in the country for Journalism Solutions – along with the likes of the @newyorktimes &amp; @was…",0.6486,0.223,0.0,0.777
@NewYorkTimes,Fri Jan 05 19:22:23 +0000 2018,Ohio Univ. Press,"RT @thodson: We, @woub, are listed in the top 17 in the country for Journalism Solutions – along with the likes of the @newyorktimes &amp; @was…",0.6486,0.223,0.0,0.777
@NewYorkTimes,Fri Jan 05 18:23:54 +0000 2018,Jeff Sorenson,The only way that #AGSulzberger is going to turn around #FakeNews winner of a #FakeNewsAwards @newyorktimes is to c… https://t.co/n68MGE8OA7,0.5859,0.174,0.0,0.826
@NewYorkTimes,Fri Jan 05 17:49:06 +0000 2018,WU Weather Cave,RT @KylaGrogan: Can't believe this was #CentralPark yesterday!!  Pic courtesy of @NewYorkTimes #Snowstorm2018 https://t.co/iYbwMsoNMd,0.4738,0.192,0.0,0.808
@NewYorkTimes,Fri Jan 05 17:05:00 +0000 2018,Tyrone Grandison,RT @KaporCenter: #InCaseYouMissedIt Saudi Money Fuels the Tech Industry. It's Time to Ask Why. via @newyorktimes https://t.co/XhXdgMLBT1,0.0,0.0,0.0,1.0
@NewYorkTimes,Fri Jan 05 16:26:00 +0000 2018,Hilary Ward,Upset by the @newyorktimes obituary of Mormon President Thomas S. Monson #unfollowthenyt https://t.co/N6l5AYm1ZJ,-0.3818,0.0,0.178,0.822
@NewYorkTimes,Fri Jan 05 15:50:13 +0000 2018,Colette Robicheau,Helping Those Who #Hoard https://t.co/hAyl1qyTSO @newyorktimes,0.296,0.306,0.0,0.694
@NewYorkTimes,Fri Jan 05 15:45:48 +0000 2018,Jeanne Barnes,RT @KaporCenter: #InCaseYouMissedIt Saudi Money Fuels the Tech Industry. It's Time to Ask Why. via @newyorktimes https://t.co/XhXdgMLBT1,0.0,0.0,0.0,1.0
@NewYorkTimes,Fri Jan 05 15:30:23 +0000 2018,Roman Garza,RT @KylaGrogan: Can't believe this was #CentralPark yesterday!!  Pic courtesy of @NewYorkTimes #Snowstorm2018 https://t.co/iYbwMsoNMd,0.4738,0.192,0.0,0.808
@NewYorkTimes,Fri Jan 05 15:28:20 +0000 2018,Dustin Craun,RT @KaporCenter: #InCaseYouMissedIt Saudi Money Fuels the Tech Industry. It's Time to Ask Why. via @newyorktimes https://t.co/XhXdgMLBT1,0.0,0.0,0.0,1.0
@NewYorkTimes,Fri Jan 05 15:16:20 +0000 2018,David Taylor,@KylaGrogan @newyorktimes See what you're missing? ?,-0.296,0.0,0.306,0.694
@NewYorkTimes,Fri Jan 05 15:13:46 +0000 2018,VC+E=IPO Law Group™,RT @KaporCenter: #InCaseYouMissedIt Saudi Money Fuels the Tech Industry. It's Time to Ask Why. via @newyorktimes https://t.co/XhXdgMLBT1,0.0,0.0,0.0,1.0
@NewYorkTimes,Fri Jan 05 15:07:10 +0000 2018,Boo Hoo Cheeto Roo,RT @KaporCenter: #InCaseYouMissedIt Saudi Money Fuels the Tech Industry. It's Time to Ask Why. via @newyorktimes https://t.co/XhXdgMLBT1,0.0,0.0,0.0,1.0
@NewYorkTimes,Fri Jan 05 15:04:51 +0000 2018,Chris Lanzetti,RT @KylaGrogan: Can't believe this was #CentralPark yesterday!!  Pic courtesy of @NewYorkTimes #Snowstorm2018 https://t.co/iYbwMsoNMd,0.4738,0.192,0.0,0.808
@NewYorkTimes,Fri Jan 05 15:02:31 +0000 2018,Kapor Center,#InCaseYouMissedIt Saudi Money Fuels the Tech Industry. It's Time to Ask Why. via @newyorktimes https://t.co/XhXdgMLBT1,0.0,0.0,0.0,1.0
@NewYorkTimes,Fri Jan 05 15:01:38 +0000 2018,Kyla Grogan,Can't believe this was #CentralPark yesterday!!  Pic courtesy of @NewYorkTimes #Snowstorm2018 https://t.co/iYbwMsoNMd,0.4738,0.219,0.0,0.781
@NewYorkTimes,Fri Jan 05 10:53:03 +0000 2018,jose lamazeta,@NewYorkTimes español,0.0,0.0,0.0,1.0
@NewYorkTimes,Fri Jan 05 05:37:29 +0000 2018,VC + E = IPO™,RT @KaporCenter: #InCaseYouMissedIt Saudi Money Fuels the Tech Industry. It's Time to Ask Why. via @newyorktimes https://t.co/XhXdgMLBT1,0.0,0.0,0.0,1.0
@NewYorkTimes,Fri Jan 05 01:44:25 +0000 2018,Beverly Jones,"RT @thodson: We, @woub, are listed in the top 17 in the country for Journalism Solutions – along with the likes of the @newyorktimes &amp; @was…",0.6486,0.223,0.0,0.777
@NewYorkTimes,Fri Jan 05 00:32:06 +0000 2018,Mirjam Pijnappels,"""Vallen verleden tijd"", an effective Dutch fall prevention programme by @maartenskliniek in @newyorktimes https://t.co/8gOBlOoU2b",0.4767,0.193,0.0,0.807
@NewYorkTimes,Thu Jan 04 22:13:03 +0000 2018,Henry Young,"RT @thodson: We, @woub, are listed in the top 17 in the country for Journalism Solutions – along with the likes of the @newyorktimes &amp; @was…",0.6486,0.223,0.0,0.777
@NewYorkTimes,Thu Jan 04 22:10:27 +0000 2018,VC + E = IPO™,RT @KaporCenter: #InCaseYouMissedIt Saudi Money Fuels the Tech Industry. It's Time to Ask Why. via @newyorktimes https://t.co/XhXdgMLBT1,0.0,0.0,0.0,1.0
@NewYorkTimes,Thu Jan 04 22:05:20 +0000 2018,VC + E = IPO™,RT @KaporCenter: #InCaseYouMissedIt Saudi Money Fuels the Tech Industry. It's Time to Ask Why. via @newyorktimes https://t.co/XhXdgMLBT1,0.0,0.0,0.0,1.0
@NewYorkTimes,Thu Jan 04 21:55:27 +0000 2018,VC + E = IPO™,RT @KaporCenter: #InCaseYouMissedIt Saudi Money Fuels the Tech Industry. It's Time to Ask Why. via @newyorktimes https://t.co/XhXdgMLBT1,0.0,0.0,0.0,1.0
@NewYorkTimes,Thu Jan 04 21:53:11 +0000 2018,Matthew Freedman,@thodson @woub @newyorktimes @washingtonpost @OVReSRC Congrats!,0.5707,0.425,0.0,0.575
@NewYorkTimes,Thu Jan 04 21:45:07 +0000 2018,Tom Hodson,"We, @woub, are listed in the top 17 in the country for Journalism Solutions – along with the likes of the… https://t.co/8zXl17TfLP",0.6486,0.259,0.0,0.741
@NewYorkTimes,Thu Jan 04 21:32:19 +0000 2018,elkloden,@Conde_Duque @washingtonpost @newyorktimes Sin duda la prensa política es más prestigiosa y profesional que la espa… https://t.co/MFcNSXZ6CS,-0.5574,0.0,0.194,0.806
@NewYorkTimes,Thu Jan 04 20:58:49 +0000 2018,Jesús A,@elkloden @washingtonpost @newyorktimes Ahhh... en los Estados Unidos ??NO HAY rey ni corte ... por ello la DEMOCRACIA funciona mejor ...,0.0,0.0,0.0,1.0
@NewYorkTimes,Thu Jan 04 20:57:07 +0000 2018,Jesús A,"@elkloden Debemos DENUNCIAR LA  PRENSA en #España
Es amarillista y manipuladora.
Es Frívola, alienante y servil al… https://t.co/F12Jt8wcBU",0.0,0.0,0.0,1.0
@NewYorkTimes,Thu Jan 04 20:19:24 +0000 2018,Antonio Limón López,"@NewYorkTimes_es @NewYorkTimes 

¡100 ????! https://t.co/oTVJTT2Oy1",0.0,0.0,0.0,1.0
@NewYorkTimes,Thu Jan 04 18:44:17 +0000 2018,Paul Nelson,First #threewords of this @newyorktimes #headline could be used on a #dailybasis #furious #Trump #snaps… https://t.co/WmPPcwKgtF,0.0,0.0,0.0,1.0
@NewYorkTimes,Thu Jan 04 16:42:37 +0000 2018,"Mark Ryan, PBS39",Wondering what new books to dive into? @pbsnewshour +@newyorktimes presents a new book club: #NowReadThis. Learn mo… https://t.co/PziyzREH8Y,0.0,0.0,0.0,1.0
@NewYorkTimes,Thu Jan 04 16:41:20 +0000 2018,PBS39 Fort Wayne,Wondering what new books to dive into? @pbsnewshour +@newyorktimes presents a new book club: #NowReadThis. Learn mo… https://t.co/2y4gS0JfT6,0.0,0.0,0.0,1.0
@NewYorkTimes,Thu Jan 04 16:21:02 +0000 2018,Safety Rules!,"https://t.co/eXklbx72lI

With the recent fatal fire in New York, this article from the @newyorktimes looks at why k… https://t.co/BDOEq3IkH4",-0.7096,0.0,0.258,0.742
@NewYorkTimes,Thu Jan 04 15:40:23 +0000 2018,Jesús A,"@LaOtraCronica Que temas tan trascendentales y constructivos ...
Debemos DENUNCIAR LA  PRENSA en #España
Es amarill… https://t.co/TVPLzsWmvh",0.0,0.0,0.0,1.0
@NewYorkTimes,Thu Jan 04 15:08:17 +0000 2018,Alyssa,@LaureeTilton @SarahLerner @washingtonpost @newyorktimes My vote in the US counts even less...I vote in MA.  Not ex… https://t.co/mkC5DQGWIk,0.0,0.0,0.0,1.0
@NewYorkTimes,Thu Jan 04 15:02:04 +0000 2018,tiltawhirling,@Issybelle99 @SarahLerner @washingtonpost @newyorktimes Good question - will you be studying in Sweden? BC the infl… https://t.co/32DOZ7CWhk,0.4404,0.162,0.0,0.838
@NewYorkTimes,Thu Jan 04 14:07:14 +0000 2018,"The Sharper Cut, Inc","In Finland, a Postal Worker Will Mow Your Lawn  https://t.co/aLtiFW29YU // Interesting! @newyorktimes https://t.co/c11prARfjK",0.4574,0.2,0.0,0.8
@NewYorkTimes,Thu Jan 04 12:05:15 +0000 2018,Sasakawa USA,Sasakawa USA 2017 Journalism Fellow Seth Berkman writes in this week's @newyorktimes about baseball franchises stru… https://t.co/5GGXU4xdUk,0.0,0.0,0.0,1.0
@NewYorkTimes,Thu Jan 04 08:50:18 +0000 2018,Alyssa,@LaureeTilton @SarahLerner @washingtonpost @newyorktimes Let’s see some red state refugee pieces...we need to under… https://t.co/4biJKOCLxI,0.0,0.0,0.0,1.0
@NewYorkTimes,Thu Jan 04 08:49:34 +0000 2018,Alyssa,@LaureeTilton @SarahLerner @washingtonpost @newyorktimes I’m also sick of “Trump voter feelings” pieces,-0.5106,0.0,0.231,0.769
@NewYorkTimes,Thu Jan 04 08:48:30 +0000 2018,Alyssa,@LaureeTilton @SarahLerner @washingtonpost @newyorktimes I’d like to find a way to use my sub to influence. Also as… https://t.co/eyf6JvGh3d,0.3612,0.128,0.0,0.872
@NewYorkTimes,Thu Jan 04 08:46:43 +0000 2018,tiltawhirling,@Issybelle99 @SarahLerner @washingtonpost @newyorktimes I already dropped my subscriptions to both. I see no reason… https://t.co/mmg1A4Qyzn,-0.296,0.0,0.145,0.855
@NewYorkTimes,Thu Jan 04 08:42:37 +0000 2018,Alyssa,"@LaureeTilton @SarahLerner @washingtonpost @newyorktimes Yup, it’s getting old. They need to clean ranks. I subscri… https://t.co/suqg88bOAw",0.4019,0.162,0.0,0.838
@NewYorkTimes,Thu Jan 04 08:41:32 +0000 2018,tiltawhirling,@SarahLerner @Issybelle99 REALLY! I'm so tired of this shit. Especially from @washingtonpost and @NewYorkTimes,-0.8686,0.0,0.423,0.577
@NewYorkTimes,Thu Jan 04 06:53:01 +0000 2018,Frank Cohen,The majority of American's did not vote for Trump so I can understand why the reaction to his NYT @NewYorkTimes int… https://t.co/7FCUPzV55y,0.0,0.0,0.0,1.0
@NewYorkTimes,Thu Jan 04 03:22:52 +0000 2018,JenDansereau,"@realDonaldTrump @CNN
@FOXANDFRIENDS @NEWYORKTIMES @WASHINGTONPOST 

Better a cruel TRUTH then a comfortable delusion.

 - Edward Abbey",0.6633,0.419,0.172,0.408
@NewYorkTimes,Thu Jan 04 02:36:15 +0000 2018,iD Tech,"A fresh #perspective on the potential of #A.I. and #BigData. Can we use it to fight #poverty, #homelessness, and… https://t.co/V1y2IVqSUl",-0.0772,0.105,0.119,0.776
@NewYorkTimes,Thu Jan 04 02:18:47 +0000 2018,Nathen Hailstar,@TuckerCarlson @NewYorkTimes @CBSNews  #IranianProtests  Shameful media if crowd of 100 protesting anything anti-co… https://t.co/WbK1RpnREy,-0.7184,0.0,0.333,0.667
@NewYorkTimes,Thu Jan 04 01:51:28 +0000 2018,Diversionary Theatre,"If you enjoyed seeing ""Isaac Oliver's Lonely Christmas"" earlier this month at #diversionary, you may enjoy reading… https://t.co/jloSWCt6aB",0.6124,0.271,0.104,0.625
@NewYorkTimes,Wed Jan 03 18:49:39 +0000 2018,A Leonard,"RT @Dansereau31: @realDonaldTrump
@StephenBannon @IvankaTrump @DonaldJTrumpJr @jaredkushner  @washingtonpost @newyorktimes @CNN

POTUS ~~
T…",0.0,0.0,0.0,1.0
@NewYorkTimes,Wed Jan 03 18:40:40 +0000 2018,JenDansereau,"@realDonaldTrump
@StephenBannon @IvankaTrump @DonaldJTrumpJr @jaredkushner  @washingtonpost @newyorktimes @CNN

POT… https://t.co/8PUwJJut4u",0.0,0.0,0.0,1.0
@NewYorkTimes,Wed Jan 03 18:18:58 +0000 2018,Sasakawa USA,Sasakawa USA 2017 Journalism Fellow Seth Berkman writes in this week's @newyorktimes  about baseball franchises str… https://t.co/nqb2tl0CHt,0.0,0.0,0.0,1.0
@NewYorkTimes,Wed Jan 03 17:20:22 +0000 2018,John Dillon,@NewYorkTimes what a difference in construction costs - #NewYorkCity vs #Paris . https://t.co/GlHmLF6sQO,0.0,0.0,0.0,1.0
@NewYorkTimes,Wed Jan 03 17:04:36 +0000 2018,Aleksandr Cyplakov,A Note From Our New Publisher https://t.co/mxUIqqkb1W #TheNewYorkTimes @NewYorkTimes,0.0,0.0,0.0,1.0
@NewYorkTimes,Wed Jan 03 14:29:43 +0000 2018,Alam Chaudry,RT @OlivierGuitta: #IranProtests: Kudos to @newyorktimes liberal columnist Roger Cohen- which I rarely agree with- to acknowledge that #Tru…,0.2937,0.154,0.099,0.747
@NewYorkTimes,Wed Jan 03 13:28:12 +0000 2018,????? ????,RT @OlivierGuitta: #IranProtests: Kudos to @newyorktimes liberal columnist Roger Cohen- which I rarely agree with- to acknowledge that #Tru…,0.2937,0.154,0.099,0.747
@NewYorkTimes,Wed Jan 03 13:25:35 +0000 2018,ThinkingLatina,"@nytimes Wow, .@NewYorkTimes following the rantings of a comedian. By the way, the lunatic in North Korea threaten… https://t.co/KPQfOOd5zf",0.4939,0.26,0.13,0.61
@NewYorkTimes,Wed Jan 03 13:24:58 +0000 2018,Olivier Guitta,#IranProtests: Kudos to @newyorktimes liberal columnist Roger Cohen- which I rarely agree with- to acknowledge that… https://t.co/SS77pMzx7G,0.2937,0.17,0.109,0.721
@NewYorkTimes,Wed Jan 03 12:23:26 +0000 2018,Jesse Dalton,@Newyorktimes Where the conversation begins. to veer away from reality.,0.0,0.0,0.0,1.0
@NewYorkTimes,Wed Jan 03 06:03:05 +0000 2018,Tom Frenkel FW,RT @BillThomas56: Fusion GPS sets the record straight. The Republicans’ Fake Investigations https://t.co/hzEw6qfA9b @FusionGPS @NewYorkTimes,-0.296,0.106,0.172,0.722
@NewYorkTimes,Wed Jan 03 04:16:56 +0000 2018,Brittany,RT @BillThomas56: Fusion GPS sets the record straight. The Republicans’ Fake Investigations https://t.co/hzEw6qfA9b @FusionGPS @NewYorkTimes,-0.296,0.106,0.172,0.722
@NewYorkTimes,Wed Jan 03 04:13:53 +0000 2018,Marivi ?? ?,@maggieNYT is about to be fire from the @NewYorkTimes just ask the new publisher.... She's nothing but stupid woman… https://t.co/aJCK2VEpKI,0.4523,0.157,0.073,0.77
@NewYorkTimes,Wed Jan 03 04:11:17 +0000 2018,Bill Thomas,Fusion GPS sets the record straight. The Republicans’ Fake Investigations https://t.co/hzEw6qfA9b @FusionGPS @NewYorkTimes,-0.296,0.119,0.194,0.688
@NewYorkTimes,Wed Jan 03 04:00:01 +0000 2018,Linda Paul,A Note From Our New Publisher https://t.co/xlWoZYGEOc #RealNews #DeepReporting #Media @NewYorkTimes… https://t.co/wTL5tKs6W2,0.0,0.0,0.0,1.0
@NewYorkTimes,Wed Jan 03 01:49:13 +0000 2018,Jesús A,"@montse_as Debemos DENUNCIAR LA  PRENSA en #España
Es amarillista y manipuladora.
Es Frívola, alienante y servil al… https://t.co/LXMZBrFKNR",0.0,0.0,0.0,1.0
@NewYorkTimes,Wed Jan 03 01:47:46 +0000 2018,Jesús A,"@Marisol2306 Debemos DENUNCIAR LA  PRENSA en #España
Es amarillista y manipuladora.
Es Frívola, alienante y servil… https://t.co/vpPNSx9B1V",0.0,0.0,0.0,1.0
@NewYorkTimes,Wed Jan 03 01:42:50 +0000 2018,?? Sarrie ??,"@MSNBC @CNN @ABCNews @NBCNews @CBSNews @NewYorkTimes 

Stop complaining about Trump golfing,only you liberals want… https://t.co/IUFwozOish",-0.4588,0.0,0.235,0.765
@NewYorkTimes,Wed Jan 03 01:23:49 +0000 2018,Paul Gardner,"@MaxwellHWhite @newyorktimes A slow, self inflicted gunshot wound that takes 2 to 20 years to finally kill year.",-0.6908,0.0,0.239,0.761
